Чтение PG,_read_pg,0.007462263107299805,51
Чтение PG,_read_pg,0.001024484634399414,144
Чтение PG,_read_pg,0.005323886871337891,227
Чтение PG,_read_pg,0.0010223388671875,227
Чтение PG,_read_pg,0.000942230224609375,233
Чтение PG,_read_pg,0.001161336898803711,249
Чтение PG,_read_pg,0.0006420612335205078,304
Чтение PG,_read_pg,0.004611492156982422,408
Чтение PG,_read_pg,0.0008234977722167969,482
Чтение PG,_read_pg,0.0010411739349365234,484
Чтение PG,_read_pg,0.0011844635009765625,487
Чтение PG,_read_pg,0.0008411407470703125,488
Чтение PG,_read_pg,0.0008118152618408203,490
Чтение PG,_read_pg,0.0008673667907714844,550
Чтение PG,_read_pg,0.0007097721099853516,552
Чтение PG,_read_pg,0.0016279220581054688,649
Чтение PG,_read_pg,0.0009348392486572266,649
Чтение PG,_read_pg,0.0007476806640625,665
Чтение PG,_read_pg,0.0017004013061523438,759
Чтение PG,_read_pg,0.0023834705352783203,783
Чтение PG,_read_pg,0.0015637874603271484,796
Чтение PG,_read_pg,0.0008099079132080078,847
Чтение PG,_read_pg,0.0007717609405517578,895
Чтение PG,_read_pg,0.0008220672607421875,921
Чтение PG,_read_pg,0.0006892681121826172,972
Чтение PG,_read_pg,0.010826826095581055,1069
Чтение PG,_read_pg,0.0009789466857910156,1070
Чтение PG,_read_pg,0.0008053779602050781,1145
Чтение PG,_read_pg,0.0008325576782226562,1236
Чтение PG,_read_pg,0.0006954669952392578,1236
Чтение PG,_read_pg,0.0010788440704345703,1341
Чтение PG,_read_pg,0.0010387897491455078,1342
Чтение PG,_read_pg,0.0012030601501464844,1345
Чтение PG,_read_pg,0.0008287429809570312,1355
Чтение PG,_read_pg,0.0012447834014892578,1404
Чтение PG,_read_pg,0.0010831356048583984,1513
Чтение PG,_read_pg,0.0010042190551757812,1515
Чтение PG,_read_pg,0.0012662410736083984,1515
Чтение PG,_read_pg,0.0012505054473876953,1607
Чтение PG,_read_pg,0.001443624496459961,1653
Чтение PG,_read_pg,0.007580280303955078,1720
Чтение PG,_read_pg,0.0009565353393554688,1769
Чтение PG,_read_pg,0.0012729167938232422,1796
Чтение PG,_read_pg,0.0009760856628417969,1846
Чтение PG,_read_pg,0.0010967254638671875,1893
Чтение PG,_read_pg,0.0008482933044433594,1962
Чтение PG,_read_pg,0.0009398460388183594,2037
Чтение PG,_read_pg,0.001058340072631836,2071
Чтение PG,_read_pg,0.0016293525695800781,2163
Чтение PG,_read_pg,0.0035200119018554688,2187
Чтение PG,_read_pg,0.0008418560028076172,2265
Чтение PG,_read_pg,0.0008997917175292969,2266
Чтение PG,_read_pg,0.001257181167602539,2343
Чтение PG,_read_pg,0.0009362697601318359,2355
Чтение PG,_read_pg,0.0009906291961669922,2425
Чтение PG,_read_pg,0.0010023117065429688,2428
Чтение PG,_read_pg,0.0009219646453857422,2508
Чтение PG,_read_pg,0.0009009838104248047,2557
Чтение PG,_read_pg,0.0010826587677001953,2646
Чтение PG,_read_pg,0.0008783340454101562,2646
Чтение PG,_read_pg,0.0025751590728759766,2668
Чтение PG,_read_pg,0.000827789306640625,2708
Чтение PG,_read_pg,0.0007975101470947266,2749
Чтение PG,_read_pg,0.00144195556640625,2791
Чтение PG,_read_pg,0.0008075237274169922,2868
Чтение PG,_read_pg,0.0014581680297851562,2887
Чтение PG,_read_pg,0.0009467601776123047,2889
Чтение PG,_read_pg,0.0012447834014892578,2942
Чтение PG,_read_pg,0.0009007453918457031,2982
Чтение PG,_read_pg,0.0010221004486083984,3030
Чтение PG,_read_pg,0.0011050701141357422,3031
Чтение PG,_read_pg,0.0010445117950439453,3108
Чтение PG,_read_pg,0.00466465950012207,3203
Чтение PG,_read_pg,0.0010752677917480469,3241
Чтение PG,_read_pg,0.0016345977783203125,3279
Чтение PG,_read_pg,0.0031316280364990234,3300
Чтение PG,_read_pg,0.0011134147644042969,3358
Чтение PG,_read_pg,0.0011355876922607422,3444
Чтение PG,_read_pg,0.0015149116516113281,3526
Чтение PG,_read_pg,0.0011858940124511719,3586
Чтение PG,_read_pg,0.0010693073272705078,3587
Чтение PG,_read_pg,0.0010650157928466797,3658
Чтение PG,_read_pg,0.002168416976928711,3763
Чтение PG,_read_pg,0.0011472702026367188,3766
Чтение PG,_read_pg,0.0010826587677001953,3768
Чтение PG,_read_pg,0.0011515617370605469,3786
Чтение PG,_read_pg,0.0009806156158447266,3850
Чтение PG,_read_pg,0.0013251304626464844,3885
Чтение PG,_read_pg,0.0008904933929443359,3957
Чтение PG,_read_pg,0.0012598037719726562,4014
Чтение PG,_read_pg,0.0012137889862060547,4066
Чтение PG,_read_pg,0.0012924671173095703,4150
Чтение PG,_read_pg,0.005659818649291992,4197
Чтение PG,_read_pg,0.0010950565338134766,4200
Чтение PG,_read_pg,0.0010619163513183594,4241
Чтение PG,_read_pg,0.0070552825927734375,4322
Чтение PG,_read_pg,0.0030083656311035156,4343
Чтение PG,_read_pg,0.0010094642639160156,4394
Чтение PG,_read_pg,0.0011560916900634766,4451
Чтение PG,_read_pg,0.008190155029296875,4535
Чтение PG,_read_pg,0.0022478103637695312,4568
Чтение PG,_read_pg,0.0011639595031738281,4618
Чтение PG,_read_pg,0.0015227794647216797,4703
Чтение PG,_read_pg,0.002633333206176758,4778
Чтение PG,_read_pg,0.002368927001953125,4790
Чтение PG,_read_pg,0.0012547969818115234,4849
Чтение PG,_read_pg,0.0014455318450927734,4865
Чтение PG,_read_pg,0.006485462188720703,4984
Чтение PG,_read_pg,0.0017135143280029297,5040
Чтение PG,_read_pg,0.0011799335479736328,5041
Чтение PG,_read_pg,0.0014116764068603516,5137
Чтение PG,_read_pg,0.001538991928100586,5139
Чтение PG,_read_pg,0.0016071796417236328,5226
Чтение PG,_read_pg,0.0013048648834228516,5305
Чтение PG,_read_pg,0.0012018680572509766,5315
Чтение PG,_read_pg,0.0012068748474121094,5395
Чтение PG,_read_pg,0.0011577606201171875,5397
Чтение PG,_read_pg,0.0013968944549560547,5477
Чтение PG,_read_pg,0.0009903907775878906,5479
Чтение PG,_read_pg,0.0012347698211669922,5516
Чтение PG,_read_pg,0.0019655227661132812,5627
Чтение PG,_read_pg,0.0010406970977783203,5629
Чтение PG,_read_pg,0.0014035701751708984,5690
Чтение PG,_read_pg,0.0014019012451171875,5693
Чтение PG,_read_pg,0.0011401176452636719,5782
Чтение PG,_read_pg,0.0013036727905273438,5853
Чтение PG,_read_pg,0.0023908615112304688,5915
Чтение PG,_read_pg,0.0015707015991210938,5974
Чтение PG,_read_pg,0.0016951560974121094,6055
Чтение PG,_read_pg,0.001425027847290039,6149
Чтение PG,_read_pg,0.001486063003540039,6231
Чтение PG,_read_pg,0.0019383430480957031,6232
Чтение PG,_read_pg,0.0012271404266357422,6272
Чтение PG,_read_pg,0.0011830329895019531,6317
Чтение PG,_read_pg,0.004286289215087891,6356
Чтение PG,_read_pg,0.001789093017578125,6405
Чтение PG,_read_pg,0.002061128616333008,6406
Чтение PG,_read_pg,0.001321554183959961,6467
Чтение PG,_read_pg,0.0012269020080566406,6568
Чтение PG,_read_pg,0.0015819072723388672,6593
Чтение PG,_read_pg,0.0013763904571533203,6702
Чтение PG,_read_pg,0.0018527507781982422,6765
Чтение PG,_read_pg,0.0012280941009521484,6846
Чтение PG,_read_pg,0.001409769058227539,6883
Чтение PG,_read_pg,0.003664731979370117,6908
Чтение PG,_read_pg,0.0011076927185058594,6998
Чтение PG,_read_pg,0.0015485286712646484,7004
Чтение PG,_read_pg,0.0012691020965576172,7053
Чтение PG,_read_pg,0.0009524822235107422,7076
Чтение PG,_read_pg,0.0011937618255615234,7128
Чтение PG,_read_pg,0.0012178421020507812,7226
Чтение PG,_read_pg,0.0022542476654052734,7304
Чтение PG,_read_pg,0.0015420913696289062,7323
Чтение PG,_read_pg,0.011673212051391602,7421
Чтение PG,_read_pg,0.00115203857421875,7471
Чтение PG,_read_pg,0.0015134811401367188,7505
Чтение PG,_read_pg,0.0013816356658935547,7510
Чтение PG,_read_pg,0.0012078285217285156,7513
Чтение PG,_read_pg,0.0016393661499023438,7615
Чтение PG,_read_pg,0.0011687278747558594,7675
Чтение PG,_read_pg,0.0017242431640625,7788
Чтение PG,_read_pg,0.0017011165618896484,7825
Чтение PG,_read_pg,0.0020368099212646484,7846
Чтение PG,_read_pg,0.0028862953186035156,7884
Чтение PG,_read_pg,0.001444101333618164,7979
Чтение PG,_read_pg,0.0020334720611572266,7980
Чтение PG,_read_pg,0.0018720626831054688,8075
Чтение PG,_read_pg,0.0020117759704589844,8207
Чтение PG,_read_pg,0.002858877182006836,8306
Чтение PG,_read_pg,0.002128124237060547,8421
Чтение PG,_read_pg,0.004706621170043945,8456
Чтение PG,_read_pg,0.001840829849243164,8456
Чтение PG,_read_pg,0.003031492233276367,8551
Чтение PG,_read_pg,0.0020928382873535156,8552
Чтение PG,_read_pg,0.0026068687438964844,8644
Чтение PG,_read_pg,0.0018668174743652344,8728
Чтение PG,_read_pg,0.001865386962890625,8770
Чтение PG,_read_pg,0.0041828155517578125,8772
Чтение PG,_read_pg,0.0019261837005615234,8851
Чтение PG,_read_pg,0.0017046928405761719,8872
Чтение PG,_read_pg,0.0016717910766601562,8972
Чтение PG,_read_pg,0.0018436908721923828,9050
Чтение PG,_read_pg,0.0022430419921875,9051
Чтение PG,_read_pg,0.004945516586303711,9206
Чтение PG,_read_pg,0.0019230842590332031,9244
Чтение PG,_read_pg,0.003931999206542969,9380
Чтение PG,_read_pg,0.0026521682739257812,9476
Чтение PG,_read_pg,0.0017571449279785156,9543
Чтение PG,_read_pg,0.001977205276489258,9544
Чтение PG,_read_pg,0.0029556751251220703,9602
Чтение PG,_read_pg,0.0022203922271728516,9656
Чтение PG,_read_pg,0.0021026134490966797,9696
Чтение PG,_read_pg,0.002058267593383789,9779
Чтение PG,_read_pg,0.002305746078491211,9779
Чтение PG,_read_pg,0.007315635681152344,9906
Чтение PG,_read_pg,0.0025031566619873047,9909
Чтение PG,_read_pg,0.009263992309570312,10018
Чтение PG,_read_pg,0.0019083023071289062,10020
Чтение PG,_read_pg,0.010540008544921875,10116
Чтение PG,_read_pg,0.0025773048400878906,10134
Чтение PG,_read_pg,0.0023927688598632812,10174
Чтение PG,_read_pg,0.0033507347106933594,10177
Чтение PG,_read_pg,0.002813100814819336,10178
Чтение PG,_read_pg,0.0036520957946777344,10223
Чтение PG,_read_pg,0.0022346973419189453,10259
Чтение PG,_read_pg,0.004439353942871094,10299
Чтение PG,_read_pg,0.0017809867858886719,10345
Чтение PG,_read_pg,0.0031926631927490234,10432
Чтение PG,_read_pg,0.0025763511657714844,10528
Чтение PG,_read_pg,0.01596379280090332,10668
Чтение PG,_read_pg,0.0025560855865478516,10670
Чтение PG,_read_pg,0.0032062530517578125,10713
Чтение PG,_read_pg,0.0022287368774414062,10716
Чтение PG,_read_pg,0.0018849372863769531,10840
Чтение PG,_read_pg,0.002318859100341797,10842
Чтение PG,_read_pg,0.0047376155853271484,10950
Чтение PG,_read_pg,0.002496957778930664,10953
Чтение PG,_read_pg,0.0024716854095458984,10955
Чтение PG,_read_pg,0.0028908252716064453,11043
Чтение PG,_read_pg,0.002781391143798828,11226
Чтение PG,_read_pg,0.002284526824951172,11308
Чтение PG,_read_pg,0.0022470951080322266,11309
Чтение PG,_read_pg,0.0015566349029541016,11388
Чтение PG,_read_pg,0.0020389556884765625,11392
Чтение PG,_read_pg,0.002004384994506836,11465
Чтение PG,_read_pg,0.0013175010681152344,11562
Чтение PG,_read_pg,0.0069119930267333984,11615
Чтение PG,_read_pg,0.002364635467529297,11714
Чтение PG,_read_pg,0.0035200119018554688,11783
Чтение PG,_read_pg,0.0017459392547607422,11828
Чтение PG,_read_pg,0.0016489028930664062,11918
Чтение PG,_read_pg,0.007033109664916992,11985
Чтение PG,_read_pg,0.002641439437866211,12035
Чтение PG,_read_pg,0.002077341079711914,12052
Чтение PG,_read_pg,0.0020210742950439453,12138
Чтение PG,_read_pg,0.006169319152832031,12201
Чтение PG,_read_pg,0.0028302669525146484,12229
Чтение PG,_read_pg,0.0013628005981445312,12289
Чтение PG,_read_pg,0.0016918182373046875,12372
Чтение PG,_read_pg,0.0021185874938964844,12451
Чтение PG,_read_pg,0.0039370059967041016,12453
Чтение PG,_read_pg,0.0020303726196289062,12478
Чтение PG,_read_pg,0.0015118122100830078,12535
Чтение PG,_read_pg,0.0020821094512939453,12538
Чтение PG,_read_pg,0.0037751197814941406,12588
Чтение PG,_read_pg,0.0018007755279541016,12653
Чтение PG,_read_pg,0.007112979888916016,12760
Чтение PG,_read_pg,0.0021457672119140625,12761
Чтение PG,_read_pg,0.0025429725646972656,12785
Чтение PG,_read_pg,0.002325296401977539,12902
Чтение PG,_read_pg,0.00211334228515625,12912
Чтение PG,_read_pg,0.0019047260284423828,12987
Чтение PG,_read_pg,0.0028057098388671875,12989
Чтение PG,_read_pg,0.0015788078308105469,13076
Чтение PG,_read_pg,0.0019381046295166016,13080
Чтение PG,_read_pg,0.013823270797729492,13263
Чтение PG,_read_pg,0.002512216567993164,13314
Чтение PG,_read_pg,0.007507801055908203,13373
Чтение PG,_read_pg,0.002111196517944336,13405
Чтение PG,_read_pg,0.002201557159423828,13490
Чтение PG,_read_pg,0.002743959426879883,13492
Чтение PG,_read_pg,0.0021257400512695312,13495
Чтение PG,_read_pg,0.0019986629486083984,13559
Чтение PG,_read_pg,0.0029833316802978516,13658
Чтение PG,_read_pg,0.0025222301483154297,13659
Чтение PG,_read_pg,0.0020775794982910156,13707
Чтение PG,_read_pg,0.0015625953674316406,13738
Чтение PG,_read_pg,0.002213716506958008,13829
Чтение PG,_read_pg,0.0031845569610595703,13897
Чтение PG,_read_pg,0.002128124237060547,13984
Чтение PG,_read_pg,0.0027298927307128906,14076
Чтение PG,_read_pg,0.0025987625122070312,14079
Чтение PG,_read_pg,0.0024089813232421875,14262
Чтение PG,_read_pg,0.0017881393432617188,14262
Чтение PG,_read_pg,0.005759239196777344,14358
Чтение PG,_read_pg,0.0017938613891601562,14360
Чтение PG,_read_pg,0.0017812252044677734,14486
Чтение PG,_read_pg,0.0025856494903564453,14527
Чтение PG,_read_pg,0.0018124580383300781,14529
Чтение PG,_read_pg,0.0015926361083984375,14617
Чтение PG,_read_pg,0.0024025440216064453,14619
Чтение PG,_read_pg,0.002117156982421875,14664
Чтение PG,_read_pg,0.0018503665924072266,14763
Чтение PG,_read_pg,0.0021550655364990234,14841
Чтение PG,_read_pg,0.0020067691802978516,14938
Чтение PG,_read_pg,0.0014519691467285156,14970
Чтение PG,_read_pg,0.00582122802734375,15022
Чтение PG,_read_pg,0.0014884471893310547,15068
Чтение PG,_read_pg,0.0019321441650390625,15165
Чтение PG,_read_pg,0.0018444061279296875,15239
Чтение PG,_read_pg,0.0014498233795166016,15241
Чтение PG,_read_pg,0.002197742462158203,15288
Чтение PG,_read_pg,0.0015354156494140625,15289
Чтение PG,_read_pg,0.0018308162689208984,15343
Чтение PG,_read_pg,0.0014836788177490234,15428
Чтение PG,_read_pg,0.0020072460174560547,15504
Чтение PG,_read_pg,0.006097316741943359,15560
Чтение PG,_read_pg,0.0022695064544677734,15563
Чтение PG,_read_pg,0.0021910667419433594,15624
Чтение PG,_read_pg,0.0014867782592773438,15678
Чтение PG,_read_pg,0.0022039413452148438,15748
Чтение PG,_read_pg,0.0021424293518066406,15792
Чтение PG,_read_pg,0.0020689964294433594,15867
Чтение PG,_read_pg,0.002177715301513672,15876
Чтение PG,_read_pg,0.005094051361083984,15955
Чтение PG,_read_pg,0.0021076202392578125,16035
Чтение PG,_read_pg,0.001992940902709961,16057
Чтение PG,_read_pg,0.0020401477813720703,16076
Чтение PG,_read_pg,0.0017986297607421875,16202
Чтение PG,_read_pg,0.0017328262329101562,16238
Чтение PG,_read_pg,0.002384662628173828,16289
Чтение PG,_read_pg,0.003194093704223633,16350
Чтение PG,_read_pg,0.0022003650665283203,16362
Чтение PG,_read_pg,0.002102375030517578,16479
Чтение PG,_read_pg,0.0024771690368652344,16562
Чтение PG,_read_pg,0.0022161006927490234,16606
Чтение PG,_read_pg,0.001963376998901367,16626
Чтение PG,_read_pg,0.002267122268676758,16651
Чтение PG,_read_pg,0.0021941661834716797,16750
Чтение PG,_read_pg,0.0019006729125976562,16751
Чтение PG,_read_pg,0.002160310745239258,16796
Чтение PG,_read_pg,0.001971006393432617,16854
Чтение PG,_read_pg,0.0018439292907714844,16922
Чтение PG,_read_pg,0.0016825199127197266,16942
Чтение PG,_read_pg,0.0024144649505615234,16946
Чтение PG,_read_pg,0.0016827583312988281,17085
Чтение PG,_read_pg,0.0016770362854003906,17173
Чтение PG,_read_pg,0.0030374526977539062,17201
Чтение PG,_read_pg,0.009976863861083984,17276
Чтение PG,_read_pg,0.0016505718231201172,17277
Чтение PG,_read_pg,0.0034716129302978516,17277
Чтение PG,_read_pg,0.0028798580169677734,17277
Чтение PG,_read_pg,0.002835988998413086,17277
Чтение PG,_read_pg,0.0030083656311035156,17277
Чтение PG,_read_pg,0.002821207046508789,17277
Чтение PG,_read_pg,0.002549409866333008,17277
Чтение PG,_read_pg,0.0026895999908447266,17277
Чтение PG,_read_pg,0.002279043197631836,17277
Чтение PG,_read_pg,0.002020120620727539,17369
Чтение PG,_read_pg,0.012552976608276367,17492
Чтение PG,_read_pg,0.0020380020141601562,17519
Чтение PG,_read_pg,0.002299070358276367,17604
Чтение PG,_read_pg,0.0025370121002197266,17616
Чтение PG,_read_pg,0.002317667007446289,17744
Чтение PG,_read_pg,0.0017995834350585938,17772
Чтение PG,_read_pg,0.0017554759979248047,17841
Чтение PG,_read_pg,0.0022535324096679688,17932
Чтение PG,_read_pg,0.0016477108001708984,18031
Чтение PG,_read_pg,0.005531787872314453,18086
Чтение PG,_read_pg,0.0022406578063964844,18088
Чтение PG,_read_pg,0.0017862319946289062,18173
Чтение PG,_read_pg,0.004519224166870117,18284
Чтение PG,_read_pg,0.0025055408477783203,18353
Чтение PG,_read_pg,0.002523183822631836,18436
Чтение PG,_read_pg,0.0016429424285888672,18482
Чтение PG,_read_pg,0.002230405807495117,18562
Чтение PG,_read_pg,0.0020341873168945312,18693
Чтение PG,_read_pg,0.003554105758666992,18817
Чтение PG,_read_pg,0.0026869773864746094,18819
Чтение PG,_read_pg,0.0030829906463623047,19007
Чтение PG,_read_pg,0.0022711753845214844,19057
Чтение PG,_read_pg,0.002368450164794922,19179
Чтение PG,_read_pg,0.002309560775756836,19180
Чтение PG,_read_pg,0.0021903514862060547,19230
Чтение PG,_read_pg,0.0017497539520263672,19274
Чтение PG,_read_pg,0.0016632080078125,19280
Чтение PG,_read_pg,0.0018031597137451172,19341
Чтение PG,_read_pg,0.002247333526611328,19421
Чтение PG,_read_pg,0.0018079280853271484,19495
Чтение PG,_read_pg,0.0023484230041503906,19566
Чтение PG,_read_pg,0.002870321273803711,19623
Чтение PG,_read_pg,0.0036547183990478516,19653
Чтение PG,_read_pg,0.0027222633361816406,19753
Чтение PG,_read_pg,0.002715587615966797,19817
Чтение PG,_read_pg,0.002724885940551758,19835
Чтение PG,_read_pg,0.0031189918518066406,19836
Чтение PG,_read_pg,0.003846883773803711,19932
Чтение PG,_read_pg,0.0020923614501953125,19956
Чтение PG,_read_pg,0.0028488636016845703,19958
Чтение PG,_read_pg,0.0025081634521484375,20011
Чтение PG,_read_pg,0.003335714340209961,20092
Чтение PG,_read_pg,0.0056951045989990234,20169
Чтение PG,_read_pg,0.002455472946166992,20177
Чтение PG,_read_pg,0.0025415420532226562,20212
Чтение PG,_read_pg,0.0023555755615234375,20249
Чтение PG,_read_pg,0.0018112659454345703,20273
Чтение PG,_read_pg,0.008944511413574219,20346
Чтение PG,_read_pg,0.0026693344116210938,20426
Чтение PG,_read_pg,0.0017838478088378906,20432
Чтение PG,_read_pg,0.0027017593383789062,20434
Чтение PG,_read_pg,0.003760814666748047,20608
Чтение PG,_read_pg,0.0022704601287841797,20648
Чтение PG,_read_pg,0.002589702606201172,20655
Чтение PG,_read_pg,0.0029616355895996094,20742
Чтение PG,_read_pg,0.0024344921112060547,20795
Чтение PG,_read_pg,0.0018095970153808594,20797
Чтение PG,_read_pg,0.0022182464599609375,20842
Чтение PG,_read_pg,0.0027103424072265625,20878
Чтение PG,_read_pg,0.004498004913330078,20936
Чтение PG,_read_pg,0.007900476455688477,20992
Чтение PG,_read_pg,0.002541065216064453,21011
Чтение PG,_read_pg,0.0020215511322021484,21111
Чтение PG,_read_pg,0.002493619918823242,21181
Чтение PG,_read_pg,0.002680063247680664,21262
Чтение PG,_read_pg,0.0022988319396972656,21307
Чтение PG,_read_pg,0.002474069595336914,21370
Чтение PG,_read_pg,0.002501964569091797,21416
Чтение PG,_read_pg,0.0018870830535888672,21424
Чтение PG,_read_pg,0.0027778148651123047,21546
Чтение PG,_read_pg,0.0032415390014648438,21625
Чтение PG,_read_pg,0.002718687057495117,21717
Чтение PG,_read_pg,0.010706663131713867,21866
Чтение PG,_read_pg,0.002229452133178711,21886
Чтение PG,_read_pg,0.009156942367553711,21992
Чтение PG,_read_pg,0.0030355453491210938,22052
Чтение PG,_read_pg,0.0031778812408447266,22149
Чтение PG,_read_pg,0.002341032028198242,22216
Чтение PG,_read_pg,0.002538919448852539,22249
Чтение PG,_read_pg,0.003267049789428711,22339
Чтение PG,_read_pg,0.0025746822357177734,22434
Чтение PG,_read_pg,0.002666950225830078,22459
Чтение PG,_read_pg,0.002602815628051758,22526
Чтение PG,_read_pg,0.0029561519622802734,22606
Чтение PG,_read_pg,0.0043182373046875,22661
Чтение PG,_read_pg,0.002978801727294922,22735
Чтение PG,_read_pg,0.007637977600097656,22785
Чтение PG,_read_pg,0.011184930801391602,22905
Чтение PG,_read_pg,0.0034618377685546875,22994
Чтение PG,_read_pg,0.0025835037231445312,22997
Чтение PG,_read_pg,0.002707958221435547,23075
Чтение PG,_read_pg,0.0027174949645996094,23077
Чтение PG,_read_pg,0.003062725067138672,23081
Чтение PG,_read_pg,0.0030050277709960938,23118
Чтение PG,_read_pg,0.002756357192993164,23133
Чтение PG,_read_pg,0.0031480789184570312,23205
Чтение PG,_read_pg,0.00201416015625,23263
Чтение PG,_read_pg,0.002258777618408203,23362
Чтение PG,_read_pg,0.0031239986419677734,23365
Чтение PG,_read_pg,0.0031096935272216797,23524
Чтение PG,_read_pg,0.0030508041381835938,23649
Чтение PG,_read_pg,0.0033159255981445312,23652
Чтение PG,_read_pg,0.002176046371459961,23665
Чтение PG,_read_pg,0.0021958351135253906,23704
Чтение PG,_read_pg,0.0026428699493408203,23826
Чтение PG,_read_pg,0.002659320831298828,23916
Чтение PG,_read_pg,0.005901813507080078,23976
Чтение PG,_read_pg,0.0028247833251953125,24072
Чтение PG,_read_pg,0.006884574890136719,24228
Чтение PG,_read_pg,0.0030388832092285156,24238
Чтение PG,_read_pg,0.0028781890869140625,24404
Чтение PG,_read_pg,0.0024263858795166016,24467
Чтение PG,_read_pg,0.01028132438659668,24600
Чтение PG,_read_pg,0.0022711753845214844,24602
Чтение PG,_read_pg,0.003477811813354492,24675
Чтение PG,_read_pg,0.0021486282348632812,24747
Чтение PG,_read_pg,0.003653287887573242,24895
Чтение PG,_read_pg,0.0033266544342041016,24897
Чтение PG,_read_pg,0.003968000411987305,25015
Чтение PG,_read_pg,0.0026483535766601562,25091
Чтение PG,_read_pg,0.0031633377075195312,25127
Чтение PG,_read_pg,0.007164478302001953,25216
Чтение PG,_read_pg,0.0033571720123291016,25355
Чтение PG,_read_pg,0.0031189918518066406,25445
Чтение PG,_read_pg,0.004494428634643555,25588
Чтение PG,_read_pg,0.002419710159301758,25662
Чтение PG,_read_pg,0.0024650096893310547,25663
Чтение PG,_read_pg,0.0028679370880126953,25830
Чтение PG,_read_pg,0.0032806396484375,25891
Чтение PG,_read_pg,0.0029709339141845703,26034
Чтение PG,_read_pg,0.0029592514038085938,26036
Чтение PG,_read_pg,0.005306720733642578,26154
Чтение PG,_read_pg,0.003381490707397461,26234
Чтение PG,_read_pg,0.0038068294525146484,26332
Чтение PG,_read_pg,0.0038568973541259766,26387
Чтение PG,_read_pg,0.0064127445220947266,26463
Чтение PG,_read_pg,0.003025531768798828,26481
Чтение PG,_read_pg,0.0022847652435302734,26493
Чтение PG,_read_pg,0.002939939498901367,26549
Чтение PG,_read_pg,0.0028281211853027344,26657
Чтение PG,_read_pg,0.0028891563415527344,26707
Чтение PG,_read_pg,0.003075838088989258,26853
Чтение PG,_read_pg,0.0031638145446777344,26981
Чтение PG,_read_pg,0.0022830963134765625,27068
Чтение PG,_read_pg,0.0036134719848632812,27205
Чтение PG,_read_pg,0.0029206275939941406,27211
Чтение PG,_read_pg,0.0030393600463867188,27264
Чтение PG,_read_pg,0.008872032165527344,27353
Чтение PG,_read_pg,0.0030291080474853516,27395
Чтение PG,_read_pg,0.002324819564819336,27423
Чтение PG,_read_pg,0.003683328628540039,27494
Чтение PG,_read_pg,0.0031061172485351562,27497
Чтение PG,_read_pg,0.0031397342681884766,27592
Чтение PG,_read_pg,0.002950429916381836,27647
Чтение PG,_read_pg,0.0030112266540527344,27698
Чтение PG,_read_pg,0.0033605098724365234,27823
Чтение PG,_read_pg,0.003306150436401367,27865
Чтение PG,_read_pg,0.00505518913269043,27904
Чтение PG,_read_pg,0.004291057586669922,27998
Чтение PG,_read_pg,0.007116794586181641,28076
Чтение PG,_read_pg,0.010795354843139648,28206
Чтение PG,_read_pg,0.0024526119232177734,28207
Чтение PG,_read_pg,0.003476858139038086,28231
Чтение PG,_read_pg,0.002299070358276367,28234
Чтение PG,_read_pg,0.004262685775756836,28314
Чтение PG,_read_pg,0.0037338733673095703,28469
Чтение PG,_read_pg,0.003468036651611328,28522
Чтение PG,_read_pg,0.002883434295654297,28539
Чтение PG,_read_pg,0.003530740737915039,28666
Чтение PG,_read_pg,0.003526926040649414,28746
Чтение PG,_read_pg,0.0063114166259765625,28873
Чтение PG,_read_pg,0.004149198532104492,28953
Чтение PG,_read_pg,0.002422332763671875,28981
Чтение PG,_read_pg,0.0033903121948242188,29084
Чтение PG,_read_pg,0.0033588409423828125,29166
Чтение PG,_read_pg,0.005944490432739258,29224
Чтение PG,_read_pg,0.003548860549926758,29289
Чтение PG,_read_pg,0.008673906326293945,29435
Чтение PG,_read_pg,0.0034875869750976562,29490
Чтение PG,_read_pg,0.003736257553100586,29622
Чтение PG,_read_pg,0.0077021121978759766,29744
Чтение PG,_read_pg,0.0032455921173095703,29747
Чтение PG,_read_pg,0.0025250911712646484,29834
Чтение PG,_read_pg,0.0034410953521728516,29935
Чтение PG,_read_pg,0.0035135746002197266,30075
Чтение PG,_read_pg,0.003955841064453125,30189
Чтение PG,_read_pg,0.0035126209259033203,30260
Чтение PG,_read_pg,0.003991603851318359,30374
Чтение PG,_read_pg,0.003530263900756836,30465
Чтение PG,_read_pg,0.0037996768951416016,30501
Чтение PG,_read_pg,0.008416414260864258,30562
Чтение PG,_read_pg,0.0040242671966552734,30654
Чтение PG,_read_pg,0.003986835479736328,30685
Чтение PG,_read_pg,0.0035698413848876953,30755
Чтение PG,_read_pg,0.0034666061401367188,30875
Чтение PG,_read_pg,0.003723621368408203,30961
Чтение PG,_read_pg,0.0032432079315185547,30974
Чтение PG,_read_pg,0.0032529830932617188,31073
Чтение PG,_read_pg,0.003552675247192383,31269
Чтение PG,_read_pg,0.003231048583984375,31363
Чтение PG,_read_pg,0.003484010696411133,31431
Чтение PG,_read_pg,0.0035207271575927734,31502
Чтение PG,_read_pg,0.003547191619873047,31593
Чтение PG,_read_pg,0.0036706924438476562,31596
Чтение PG,_read_pg,0.0032584667205810547,31721
Чтение PG,_read_pg,0.0034399032592773438,31875
Чтение PG,_read_pg,0.0024352073669433594,31878
Чтение PG,_read_pg,0.0026013851165771484,31907
Чтение PG,_read_pg,0.0032694339752197266,32007
Чтение PG,_read_pg,0.003257274627685547,32061
Чтение PG,_read_pg,0.010424375534057617,32155
Чтение PG,_read_pg,0.003975391387939453,32255
Чтение PG,_read_pg,0.003338336944580078,32337
Чтение PG,_read_pg,0.003495454788208008,32528
Чтение PG,_read_pg,0.0043528079986572266,32615
Чтение PG,_read_pg,0.0033206939697265625,32757
Чтение PG,_read_pg,0.0041735172271728516,32898
Чтение PG,_read_pg,0.0035712718963623047,32929
Чтение PG,_read_pg,0.0025634765625,32978
Чтение PG,_read_pg,0.0035529136657714844,33075
Чтение PG,_read_pg,0.0033652782440185547,33117
Чтение PG,_read_pg,0.0033042430877685547,33191
Чтение PG,_read_pg,0.002531290054321289,33234
Чтение PG,_read_pg,0.0026891231536865234,33370
Чтение PG,_read_pg,0.003429412841796875,33412
Чтение PG,_read_pg,0.0059814453125,33541
Чтение PG,_read_pg,0.002689838409423828,33587
Чтение PG,_read_pg,0.0034677982330322266,33646
Чтение PG,_read_pg,0.0034542083740234375,33736
Чтение PG,_read_pg,0.0033304691314697266,33782
Чтение PG,_read_pg,0.0025217533111572266,33831
Чтение PG,_read_pg,0.0025959014892578125,33917
Чтение PG,_read_pg,0.009598970413208008,34073
Чтение PG,_read_pg,0.0038607120513916016,34113
Чтение PG,_read_pg,0.011863946914672852,34302
Чтение PG,_read_pg,0.0036368370056152344,34303
Чтение PG,_read_pg,0.0034856796264648438,34476
Чтение PG,_read_pg,0.0030755996704101562,34565
Чтение PG,_read_pg,0.003618478775024414,34590
Чтение PG,_read_pg,0.003451108932495117,34606
Чтение PG,_read_pg,0.0043964385986328125,34776
Чтение PG,_read_pg,0.0036258697509765625,34898
Чтение PG,_read_pg,0.0028810501098632812,34973
Чтение PG,_read_pg,0.0027303695678710938,34978
Чтение PG,_read_pg,0.003465414047241211,35060
Чтение PG,_read_pg,0.01296091079711914,35173
Чтение PG,_read_pg,0.002861499786376953,35204
Чтение PG,_read_pg,0.0068738460540771484,35354
Чтение PG,_read_pg,0.005353212356567383,35505
Чтение PG,_read_pg,0.0030257701873779297,35508
Чтение PG,_read_pg,0.00460052490234375,35737
Чтение PG,_read_pg,0.0038573741912841797,35814
Чтение PG,_read_pg,0.0029540061950683594,35899
Чтение PG,_read_pg,0.008341073989868164,35979
Чтение PG,_read_pg,0.0027527809143066406,36042
Чтение PG,_read_pg,0.004058837890625,36063
Чтение PG,_read_pg,0.003062725067138672,36153
Чтение PG,_read_pg,0.005964517593383789,36308
Чтение PG,_read_pg,0.003971099853515625,36358
Чтение PG,_read_pg,0.003893136978149414,36437
Чтение PG,_read_pg,0.009893178939819336,36524
Чтение PG,_read_pg,0.0037987232208251953,36528
Чтение PG,_read_pg,0.009834051132202148,36664
Чтение PG,_read_pg,0.004326820373535156,36795
Чтение PG,_read_pg,0.0039997100830078125,36824
Чтение PG,_read_pg,0.0037169456481933594,36886
Чтение PG,_read_pg,0.003955364227294922,37033
Чтение PG,_read_pg,0.0042536258697509766,37058
Чтение PG,_read_pg,0.003856182098388672,37144
Чтение PG,_read_pg,0.0040318965911865234,37266
Чтение PG,_read_pg,0.0028383731842041016,37351
Чтение PG,_read_pg,0.0028963088989257812,37473
Чтение PG,_read_pg,0.0039501190185546875,37488
Чтение PG,_read_pg,0.003887653350830078,37563
Чтение PG,_read_pg,0.00401616096496582,37662
Чтение PG,_read_pg,0.003235340118408203,37666
Чтение PG,_read_pg,0.0040209293365478516,37722
Чтение PG,_read_pg,0.0033829212188720703,37735
Чтение PG,_read_pg,0.0080413818359375,37802
Чтение PG,_read_pg,0.0030269622802734375,37804
Чтение PG,_read_pg,0.002906322479248047,37968
Чтение PG,_read_pg,0.008513689041137695,38044
Чтение PG,_read_pg,0.0038907527923583984,38079
Чтение PG,_read_pg,0.0038242340087890625,38152
Чтение PG,_read_pg,0.007593870162963867,38240
Чтение PG,_read_pg,0.005387306213378906,38316
Чтение PG,_read_pg,0.00590825080871582,38373
Чтение PG,_read_pg,0.0028574466705322266,38436
Чтение PG,_read_pg,0.003717660903930664,38590
Чтение PG,_read_pg,0.006712436676025391,38685
Чтение PG,_read_pg,0.0038504600524902344,38783
Чтение PG,_read_pg,0.003918886184692383,38864
Чтение PG,_read_pg,0.003947019577026367,38881
Чтение PG,_read_pg,0.004148244857788086,39048
Чтение PG,_read_pg,0.006806850433349609,39164
Чтение PG,_read_pg,0.002832651138305664,39227
Чтение PG,_read_pg,0.0033435821533203125,39296
Чтение PG,_read_pg,0.003198862075805664,39393
Чтение PG,_read_pg,0.004027128219604492,39500
Чтение PG,_read_pg,0.003938198089599609,39607
Чтение PG,_read_pg,0.004011631011962891,39710
Чтение PG,_read_pg,0.0031845569610595703,39823
Чтение PG,_read_pg,0.00391077995300293,39924
Чтение PG,_read_pg,0.003872394561767578,40001
Чтение PG,_read_pg,0.007897377014160156,40108
Чтение PG,_read_pg,0.004157066345214844,40113
Чтение PG,_read_pg,0.0031540393829345703,40179
Чтение PG,_read_pg,0.0038199424743652344,40281
Чтение PG,_read_pg,0.004637002944946289,40322
Чтение PG,_read_pg,0.006298542022705078,40386
Чтение PG,_read_pg,0.004459381103515625,40543
Чтение PG,_read_pg,0.0029876232147216797,40567
Чтение PG,_read_pg,0.006613492965698242,40755
Чтение PG,_read_pg,0.004355669021606445,40871
Чтение PG,_read_pg,0.004597187042236328,40947
Чтение PG,_read_pg,0.0039827823638916016,41072
Чтение PG,_read_pg,0.004057407379150391,41174
Чтение PG,_read_pg,0.0045354366302490234,41281
Чтение PG,_read_pg,0.0040662288665771484,41379
Чтение PG,_read_pg,0.003674745559692383,41516
Чтение PG,_read_pg,0.003816366195678711,41573
Чтение PG,_read_pg,0.003655672073364258,41613
Чтение PG,_read_pg,0.004274606704711914,41784
Чтение PG,_read_pg,0.005138397216796875,41987
Чтение PG,_read_pg,0.0041103363037109375,41991
Чтение PG,_read_pg,0.013438224792480469,42114
Чтение PG,_read_pg,0.0032074451446533203,42215
Чтение PG,_read_pg,0.003110170364379883,42287
Чтение PG,_read_pg,0.0040514469146728516,42385
Чтение PG,_read_pg,0.004621267318725586,42444
Чтение PG,_read_pg,0.003320455551147461,42565
Чтение PG,_read_pg,0.004464149475097656,42570
Чтение PG,_read_pg,0.0037162303924560547,42645
Чтение PG,_read_pg,0.0032935142517089844,42707
Чтение PG,_read_pg,0.00889134407043457,42864
Чтение PG,_read_pg,0.004676342010498047,42903
Чтение PG,_read_pg,0.004694461822509766,43011
Чтение PG,_read_pg,0.00443267822265625,43109
Чтение PG,_read_pg,0.004834175109863281,43163
Чтение PG,_read_pg,0.013338804244995117,43242
Чтение PG,_read_pg,0.003599882125854492,43294
Чтение PG,_read_pg,0.005211353302001953,43386
Чтение PG,_read_pg,0.01306462287902832,43544
Чтение PG,_read_pg,0.005753040313720703,43644
Чтение PG,_read_pg,0.0046787261962890625,43712
Чтение PG,_read_pg,0.004606485366821289,43958
Чтение PG,_read_pg,0.0035009384155273438,44022
Чтение PG,_read_pg,0.008921384811401367,44109
Чтение PG,_read_pg,0.004358530044555664,44231
Чтение PG,_read_pg,0.005064487457275391,44377
Чтение PG,_read_pg,0.0031855106353759766,44424
Чтение PG,_read_pg,0.004344463348388672,44530
Чтение PG,_read_pg,0.0043430328369140625,44547
Чтение PG,_read_pg,0.0040857791900634766,44626
Чтение PG,_read_pg,0.004389286041259766,44731
Чтение PG,_read_pg,0.0035347938537597656,44737
Чтение PG,_read_pg,0.00522923469543457,44814
Чтение PG,_read_pg,0.004420757293701172,45030
Чтение PG,_read_pg,0.0032286643981933594,45034
Чтение PG,_read_pg,0.012324094772338867,45121
Чтение PG,_read_pg,0.008516311645507812,45270
Чтение PG,_read_pg,0.0071184635162353516,45376
Чтение PG,_read_pg,0.003992795944213867,45379
Чтение PG,_read_pg,0.010188102722167969,45448
Чтение PG,_read_pg,0.004557132720947266,45513
Чтение PG,_read_pg,0.004683256149291992,45606
Чтение PG,_read_pg,0.005105733871459961,45782
Чтение PG,_read_pg,0.0041882991790771484,45784
Чтение PG,_read_pg,0.004647970199584961,45909
Чтение PG,_read_pg,0.005110502243041992,46009
Чтение PG,_read_pg,0.007368803024291992,46150
Чтение PG,_read_pg,0.005486726760864258,46152
Чтение PG,_read_pg,0.004472970962524414,46229
Чтение PG,_read_pg,0.0034918785095214844,46293
Чтение PG,_read_pg,0.0033779144287109375,46331
Чтение PG,_read_pg,0.004555940628051758,46469
Чтение PG,_read_pg,0.005036830902099609,46561
Чтение PG,_read_pg,0.0036988258361816406,46693
Чтение PG,_read_pg,0.0083160400390625,46855
Чтение PG,_read_pg,0.013263940811157227,46977
Чтение PG,_read_pg,0.005204200744628906,46980
Чтение PG,_read_pg,0.005896329879760742,47095
Чтение PG,_read_pg,0.007277727127075195,47170
Чтение PG,_read_pg,0.00632476806640625,47227
Чтение PG,_read_pg,0.006173610687255859,47370
Чтение PG,_read_pg,0.011887788772583008,47454
Чтение PG,_read_pg,0.007616758346557617,47486
Чтение PG,_read_pg,0.009736061096191406,47616
Чтение PG,_read_pg,0.01389169692993164,47809
Чтение PG,_read_pg,0.0059049129486083984,47812
Чтение PG,_read_pg,0.005263328552246094,47933
Чтение PG,_read_pg,0.00876164436340332,48078
Чтение PG,_read_pg,0.015767574310302734,48168
Чтение PG,_read_pg,0.012088537216186523,48324
Чтение PG,_read_pg,0.004821300506591797,48381
Чтение PG,_read_pg,0.003900766372680664,48452
Чтение PG,_read_pg,0.004575014114379883,48543
Чтение PG,_read_pg,0.010072946548461914,48709
Чтение PG,_read_pg,0.004843235015869141,48754
Чтение PG,_read_pg,0.01037287712097168,48857
Чтение PG,_read_pg,0.012036323547363281,49048
Чтение PG,_read_pg,0.003592252731323242,49124
Чтение PG,_read_pg,0.0035600662231445312,49182
Чтение PG,_read_pg,0.003632783889770508,49204
Чтение PG,_read_pg,0.004826068878173828,49345
Чтение PG,_read_pg,0.013782501220703125,49479
Чтение PG,_read_pg,0.008149385452270508,49558
Чтение PG,_read_pg,0.004641294479370117,49561
Чтение PG,_read_pg,0.004724025726318359,49656
Чтение PG,_read_pg,0.0048389434814453125,49748
Чтение PG,_read_pg,0.003489255905151367,49832
Чтение PG,_read_pg,0.00373077392578125,49924
Чтение PG,_read_pg,0.009248971939086914,50099
Чтение PG,_read_pg,0.005518913269042969,50177
Чтение PG,_read_pg,0.00986337661743164,50257
Чтение PG,_read_pg,0.007702827453613281,50376
Чтение PG,_read_pg,0.00517582893371582,50398
Чтение PG,_read_pg,0.004860401153564453,50457
Чтение PG,_read_pg,0.004880189895629883,50637
Чтение PG,_read_pg,0.004716157913208008,50699
Чтение PG,_read_pg,0.006186962127685547,50822
Чтение PG,_read_pg,0.0037157535552978516,50887
Чтение PG,_read_pg,0.005280971527099609,51065
Чтение PG,_read_pg,0.005935192108154297,51200
Чтение PG,_read_pg,0.006603240966796875,51249
Чтение PG,_read_pg,0.006000041961669922,51312
Чтение PG,_read_pg,0.01100468635559082,51447
Чтение PG,_read_pg,0.005538463592529297,51479
Чтение PG,_read_pg,0.005516767501831055,51589
Чтение PG,_read_pg,0.008038520812988281,51763
Чтение PG,_read_pg,0.004677534103393555,51779
Чтение PG,_read_pg,0.013795614242553711,51907
Чтение PG,_read_pg,0.007192850112915039,52043
Чтение PG,_read_pg,0.006711006164550781,52047
Чтение PG,_read_pg,0.010320663452148438,52237
Чтение PG,_read_pg,0.016175508499145508,52326
Чтение PG,_read_pg,0.010087013244628906,52329
Чтение PG,_read_pg,0.008277177810668945,52478
Чтение PG,_read_pg,0.0067064762115478516,52538
Чтение PG,_read_pg,0.009981155395507812,52563
Чтение PG,_read_pg,0.014640569686889648,52654
Чтение PG,_read_pg,0.014644145965576172,52707
Чтение PG,_read_pg,0.0074880123138427734,52809
Чтение PG,_read_pg,0.009521484375,52895
Чтение PG,_read_pg,0.00827932357788086,52984
Чтение PG,_read_pg,0.009118795394897461,53163
Чтение PG,_read_pg,0.005476236343383789,53209
Чтение PG,_read_pg,0.009629249572753906,53351
Чтение PG,_read_pg,0.012767314910888672,53465
Чтение PG,_read_pg,0.0054128170013427734,53561
Чтение PG,_read_pg,0.01614069938659668,53666
Чтение PG,_read_pg,0.0047266483306884766,53775
Чтение PG,_read_pg,0.006208896636962891,53952
Чтение PG,_read_pg,0.0056726932525634766,54003
Чтение PG,_read_pg,0.004911899566650391,54041
Чтение PG,_read_pg,0.011972188949584961,54200
Чтение PG,_read_pg,0.006382942199707031,54214
Чтение PG,_read_pg,0.006299257278442383,54259
Чтение PG,_read_pg,0.006246089935302734,54390
Чтение PG,_read_pg,0.006044149398803711,54424
Чтение PG,_read_pg,0.007091045379638672,54540
Чтение PG,_read_pg,0.004802703857421875,54640
Чтение PG,_read_pg,0.004413127899169922,54799
Чтение PG,_read_pg,0.003758668899536133,54844
Чтение PG,_read_pg,0.005393505096435547,54973
Чтение PG,_read_pg,0.00439000129699707,54975
Чтение PG,_read_pg,0.007348299026489258,55056
Чтение PG,_read_pg,0.004095315933227539,55066
Чтение PG,_read_pg,0.005377054214477539,55099
Чтение PG,_read_pg,0.005059957504272461,55108
Чтение PG,_read_pg,0.003872394561767578,55208
Чтение PG,_read_pg,0.0051648616790771484,55343
Чтение PG,_read_pg,0.003835439682006836,55421
Чтение PG,_read_pg,0.005116939544677734,55554
Чтение PG,_read_pg,0.0051348209381103516,55715
Чтение PG,_read_pg,0.005308628082275391,55813
Чтение PG,_read_pg,0.005045175552368164,55866
Чтение PG,_read_pg,0.0053501129150390625,55907
Чтение PG,_read_pg,0.004439115524291992,56040
Чтение PG,_read_pg,0.004319429397583008,56130
Чтение PG,_read_pg,0.00964975357055664,56193
Чтение PG,_read_pg,0.00501704216003418,56272
Чтение PG,_read_pg,0.011741399765014648,56382
Чтение PG,_read_pg,0.007518768310546875,56553
Чтение PG,_read_pg,0.005403041839599609,56659
Чтение PG,_read_pg,0.005155324935913086,56710
Чтение PG,_read_pg,0.004021644592285156,56752
Чтение PG,_read_pg,0.005173206329345703,56814
Чтение PG,_read_pg,0.003979682922363281,56973
Чтение PG,_read_pg,0.005359172821044922,57022
Чтение PG,_read_pg,0.009130239486694336,57093
Чтение PG,_read_pg,0.005440950393676758,57138
Чтение PG,_read_pg,0.0049550533294677734,57238
Чтение PG,_read_pg,0.009822607040405273,57355
Чтение PG,_read_pg,0.005307197570800781,57456
Чтение PG,_read_pg,0.005312442779541016,57489
Чтение PG,_read_pg,0.005479574203491211,57619
Чтение PG,_read_pg,0.00506138801574707,57773
Чтение PG,_read_pg,0.010600090026855469,57913
Чтение PG,_read_pg,0.0063283443450927734,57916
Чтение PG,_read_pg,0.005561113357543945,57984
Чтение PG,_read_pg,0.006838560104370117,58094
Чтение PG,_read_pg,0.0048351287841796875,58189
Чтение PG,_read_pg,0.007357597351074219,58255
Чтение PG,_read_pg,0.004446506500244141,58314
Чтение PG,_read_pg,0.005830287933349609,58413
Чтение PG,_read_pg,0.005497932434082031,58516
Чтение PG,_read_pg,0.005428791046142578,58608
Чтение PG,_read_pg,0.013176441192626953,58769
Чтение PG,_read_pg,0.004801273345947266,58844
Чтение PG,_read_pg,0.005513429641723633,58904
Чтение PG,_read_pg,0.005626201629638672,58988
Чтение PG,_read_pg,0.008341550827026367,59177
Чтение PG,_read_pg,0.006134986877441406,59188
Чтение PG,_read_pg,0.010078191757202148,59373
Чтение PG,_read_pg,0.007470130920410156,59433
Чтение PG,_read_pg,0.004342317581176758,59452
Чтение PG,_read_pg,0.013627052307128906,59593
Чтение PG,_read_pg,0.006094932556152344,59686
Чтение PG,_read_pg,0.004276275634765625,59765
Чтение PG,_read_pg,0.005620002746582031,59851
Чтение PG,_read_pg,0.006083488464355469,59902
Чтение PG,_read_pg,0.005582571029663086,60025
Чтение PG,_read_pg,0.004324674606323242,60077
Чтение PG,_read_pg,0.005518913269042969,60231
Чтение PG,_read_pg,0.006536960601806641,60342
Чтение PG,_read_pg,0.00963592529296875,60366
Чтение PG,_read_pg,0.009625434875488281,60369
Чтение PG,_read_pg,0.009443044662475586,60474
Чтение PG,_read_pg,0.006517171859741211,60495
Чтение PG,_read_pg,0.00834345817565918,60624
Чтение PG,_read_pg,0.008272647857666016,60628
Чтение PG,_read_pg,0.007642269134521484,60730
Чтение PG,_read_pg,0.010997295379638672,60881
Чтение PG,_read_pg,0.009209632873535156,60951
Чтение PG,_read_pg,0.016258716583251953,61030
Чтение PG,_read_pg,0.010811567306518555,61134
Чтение PG,_read_pg,0.0078125,61193
Чтение PG,_read_pg,0.0063517093658447266,61290
Чтение PG,_read_pg,0.00848388671875,61337
Чтение PG,_read_pg,0.010421514511108398,61341
Чтение PG,_read_pg,0.0074808597564697266,61426
Чтение PG,_read_pg,0.012337446212768555,61535
Чтение PG,_read_pg,0.012122631072998047,61567
Чтение PG,_read_pg,0.011713266372680664,61666
Чтение PG,_read_pg,0.011728286743164062,61761
Чтение PG,_read_pg,0.015868186950683594,61869
Чтение PG,_read_pg,0.026610612869262695,62059
Чтение PG,_read_pg,0.028796911239624023,62208
Чтение PG,_read_pg,0.0278933048248291,62280
Чтение PG,_read_pg,0.01954030990600586,62283
Чтение PG,_read_pg,0.014364957809448242,62354
Чтение PG,_read_pg,0.015719175338745117,62553
Чтение PG,_read_pg,0.00952291488647461,62648
Чтение PG,_read_pg,0.016493558883666992,62736
Чтение PG,_read_pg,0.0073778629302978516,62766
Чтение PG,_read_pg,0.007907390594482422,62929
Чтение PG,_read_pg,0.009317874908447266,63023
Чтение PG,_read_pg,0.008359670639038086,63061
Чтение PG,_read_pg,0.008726358413696289,63142
Чтение PG,_read_pg,0.013862848281860352,63315
Чтение PG,_read_pg,0.008138179779052734,63401
Чтение PG,_read_pg,0.008645772933959961,63544
Чтение PG,_read_pg,0.012269020080566406,63713
Чтение PG,_read_pg,0.012261390686035156,63803
Чтение PG,_read_pg,0.01042485237121582,63911
Чтение PG,_read_pg,0.008929014205932617,63957
Чтение PG,_read_pg,0.010316848754882812,64128
Чтение PG,_read_pg,0.009099245071411133,64188
Чтение PG,_read_pg,0.008658647537231445,64285
Чтение PG,_read_pg,0.008745908737182617,64407
Чтение PG,_read_pg,0.009486198425292969,64497
Чтение PG,_read_pg,0.009825944900512695,64570
Чтение PG,_read_pg,0.010233163833618164,64575
Чтение PG,_read_pg,0.009453058242797852,64677
Чтение PG,_read_pg,0.012845754623413086,64816
Чтение PG,_read_pg,0.009076595306396484,64901
Чтение PG,_read_pg,0.010962486267089844,64928
Чтение PG,_read_pg,0.014425039291381836,65036
Чтение PG,_read_pg,0.01275181770324707,65169
Чтение PG,_read_pg,0.011960506439208984,65191
Чтение PG,_read_pg,0.008362770080566406,65285
Чтение PG,_read_pg,0.015802383422851562,65492
Чтение PG,_read_pg,0.014804601669311523,65530
Чтение PG,_read_pg,0.010092496871948242,65658
Чтение PG,_read_pg,0.013115167617797852,65661
Чтение PG,_read_pg,0.009690046310424805,65755
Чтение PG,_read_pg,0.011139392852783203,65916
Чтение PG,_read_pg,0.008422136306762695,65951
Чтение PG,_read_pg,0.009377002716064453,66132
Чтение PG,_read_pg,0.008677482604980469,66194
Чтение PG,_read_pg,0.00891566276550293,66290
Чтение PG,_read_pg,0.00632166862487793,66372
Чтение PG,_read_pg,0.009434700012207031,66475
Чтение PG,_read_pg,0.009781122207641602,66628
Чтение PG,_read_pg,0.010378599166870117,66635
Чтение PG,_read_pg,0.007758617401123047,66768
Чтение PG,_read_pg,0.006396770477294922,66873
Чтение PG,_read_pg,0.007604360580444336,66969
Чтение PG,_read_pg,0.005341291427612305,67120
Чтение PG,_read_pg,0.007124185562133789,67205
Чтение PG,_read_pg,0.008758783340454102,67433
Чтение PG,_read_pg,0.0060498714447021484,67447
Чтение PG,_read_pg,0.007918357849121094,67582
Чтение PG,_read_pg,0.0059049129486083984,67644
Чтение PG,_read_pg,0.006390094757080078,67813
Чтение PG,_read_pg,0.004935503005981445,67912
Чтение PG,_read_pg,0.006285905838012695,68020
Чтение PG,_read_pg,0.008491754531860352,68104
Чтение PG,_read_pg,0.0061991214752197266,68262
Чтение PG,_read_pg,0.005561113357543945,68348
Чтение PG,_read_pg,0.009131908416748047,68409
Чтение PG,_read_pg,0.011374473571777344,68551
Чтение PG,_read_pg,0.00785064697265625,68688
Чтение PG,_read_pg,0.008472919464111328,68954
Чтение PG,_read_pg,0.006932973861694336,69036
Чтение PG,_read_pg,0.010463476181030273,69101
Чтение PG,_read_pg,0.009922504425048828,69253
Чтение PG,_read_pg,0.00710296630859375,69353
Чтение PG,_read_pg,0.00980830192565918,69488
Чтение PG,_read_pg,0.007195711135864258,69570
Чтение PG,_read_pg,0.007032871246337891,69652
Чтение PG,_read_pg,0.008855104446411133,69712
Чтение PG,_read_pg,0.009255170822143555,69796
Чтение PG,_read_pg,0.007615804672241211,69800
Чтение PG,_read_pg,0.012079000473022461,69998
Чтение PG,_read_pg,0.009362220764160156,70043
Чтение PG,_read_pg,0.006128787994384766,70162
Чтение PG,_read_pg,0.007912397384643555,70226
Чтение PG,_read_pg,0.007717609405517578,70279
Чтение PG,_read_pg,0.005965471267700195,70368
Чтение PG,_read_pg,0.008970975875854492,70453
Чтение PG,_read_pg,0.01160883903503418,70531
Чтение PG,_read_pg,0.007173299789428711,70564
Чтение PG,_read_pg,0.00473332405090332,70606
Чтение PG,_read_pg,0.006720542907714844,70766
Чтение PG,_read_pg,0.00902104377746582,70839
Чтение PG,_read_pg,0.008613109588623047,70858
Чтение PG,_read_pg,0.007493495941162109,70977
Чтение PG,_read_pg,0.007483959197998047,71051
Чтение PG,_read_pg,0.006081581115722656,71076
Чтение PG,_read_pg,0.0069427490234375,71216
Чтение PG,_read_pg,0.006831169128417969,71369
Чтение PG,_read_pg,0.007261991500854492,71597
Чтение PG,_read_pg,0.008488178253173828,71648
Чтение PG,_read_pg,0.008524894714355469,71730
Чтение PG,_read_pg,0.007895708084106445,71787
Чтение PG,_read_pg,0.007751941680908203,71998
Чтение PG,_read_pg,0.007447719573974609,72058
Чтение PG,_read_pg,0.008075475692749023,72259
Чтение PG,_read_pg,0.006600618362426758,72409
Чтение PG,_read_pg,0.007611751556396484,72486
Чтение PG,_read_pg,0.010524511337280273,72612
Чтение PG,_read_pg,0.006783008575439453,72732
Чтение PG,_read_pg,0.009688615798950195,72839
Чтение PG,_read_pg,0.006566047668457031,72969
Чтение PG,_read_pg,0.007040977478027344,73161
Чтение PG,_read_pg,0.007416963577270508,73189
Чтение PG,_read_pg,0.0071201324462890625,73309
Чтение PG,_read_pg,0.008202791213989258,73372
Чтение PG,_read_pg,0.00905466079711914,73516
Чтение PG,_read_pg,0.0072443485260009766,73629
Чтение PG,_read_pg,0.007185220718383789,73739
Чтение PG,_read_pg,0.007096290588378906,73791
Чтение PG,_read_pg,0.005298137664794922,73915
Чтение PG,_read_pg,0.006817340850830078,73957
Чтение PG,_read_pg,0.015990257263183594,74147
Чтение PG,_read_pg,0.006639242172241211,74248
Чтение PG,_read_pg,0.005661487579345703,74347
Чтение PG,_read_pg,0.009003639221191406,74436
Чтение PG,_read_pg,0.011830329895019531,74530
Чтение PG,_read_pg,0.007009744644165039,74671
Чтение PG,_read_pg,0.00721287727355957,74803
Чтение PG,_read_pg,0.006663084030151367,74848
Чтение PG,_read_pg,0.007306575775146484,74971
Чтение PG,_read_pg,0.014290571212768555,75207
Чтение PG,_read_pg,0.014308691024780273,75346
Чтение PG,_read_pg,0.006476640701293945,75442
Чтение PG,_read_pg,0.007818937301635742,75559
Чтение PG,_read_pg,0.008061885833740234,75646
Чтение PG,_read_pg,0.00874638557434082,75810
Чтение PG,_read_pg,0.008060455322265625,75905
Чтение PG,_read_pg,0.012082576751708984,76013
Чтение PG,_read_pg,0.008081436157226562,76032
Чтение PG,_read_pg,0.007726907730102539,76187
Чтение PG,_read_pg,0.007896661758422852,76307
Чтение PG,_read_pg,0.007600069046020508,76377
Чтение PG,_read_pg,0.00874471664428711,76406
Чтение PG,_read_pg,0.016331195831298828,76605
Чтение PG,_read_pg,0.006113529205322266,76663
Чтение PG,_read_pg,0.008765697479248047,76785
Чтение PG,_read_pg,0.005651235580444336,76912
Чтение PG,_read_pg,0.005372285842895508,77011
Чтение PG,_read_pg,0.005453586578369141,77078
Чтение PG,_read_pg,0.005251884460449219,77171
Чтение PG,_read_pg,0.008240222930908203,77264
Чтение PG,_read_pg,0.005433559417724609,77316
Чтение PG,_read_pg,0.005437135696411133,77395
Чтение PG,_read_pg,0.005124330520629883,77466
Чтение PG,_read_pg,0.006511211395263672,77526
Чтение PG,_read_pg,0.00832676887512207,77655
Чтение PG,_read_pg,0.00764775276184082,77742
Чтение PG,_read_pg,0.0052568912506103516,77834
Чтение PG,_read_pg,0.006987333297729492,77846
Чтение PG,_read_pg,0.013662099838256836,77990
Чтение PG,_read_pg,0.010549068450927734,78177
Чтение PG,_read_pg,0.005145072937011719,78234
Чтение PG,_read_pg,0.00977015495300293,78321
Чтение PG,_read_pg,0.014328241348266602,78537
Чтение PG,_read_pg,0.011728763580322266,78719
Чтение PG,_read_pg,0.005269527435302734,78723
Чтение PG,_read_pg,0.005301475524902344,78875
Чтение PG,_read_pg,0.006928920745849609,79036
Чтение PG,_read_pg,0.005309343338012695,79170
Чтение PG,_read_pg,0.006014823913574219,79270
Чтение PG,_read_pg,0.0053026676177978516,79272
Чтение PG,_read_pg,0.007053852081298828,79350
Чтение PG,_read_pg,0.006774187088012695,79503
Чтение PG,_read_pg,0.005768537521362305,79644
Чтение PG,_read_pg,0.007131814956665039,79736
Чтение PG,_read_pg,0.00546717643737793,79739
Чтение PG,_read_pg,0.005249500274658203,79813
Чтение PG,_read_pg,0.006947755813598633,79914
Чтение PG,_read_pg,0.0070765018463134766,80084
Чтение PG,_read_pg,0.005917787551879883,80146
Чтение PG,_read_pg,0.006928205490112305,80254
Чтение PG,_read_pg,0.0060350894927978516,80326
Чтение PG,_read_pg,0.006896257400512695,80378
Чтение PG,_read_pg,0.01089620590209961,80594
Чтение PG,_read_pg,0.005543947219848633,80731
Чтение PG,_read_pg,0.006012439727783203,80784
Чтение PG,_read_pg,0.014427423477172852,80979
Чтение PG,_read_pg,0.007884025573730469,81064
Чтение PG,_read_pg,0.005705595016479492,81135
Чтение PG,_read_pg,0.0054209232330322266,81235
Чтение PG,_read_pg,0.005573749542236328,81332
Чтение PG,_read_pg,0.0072345733642578125,81393
Чтение PG,_read_pg,0.0070362091064453125,81505
Чтение PG,_read_pg,0.005913972854614258,81567
Чтение PG,_read_pg,0.007040977478027344,81696
Чтение PG,_read_pg,0.006895303726196289,81743
Чтение PG,_read_pg,0.007458686828613281,81805
Чтение PG,_read_pg,0.012008905410766602,81892
Чтение PG,_read_pg,0.00548553466796875,81904
Чтение PG,_read_pg,0.007146596908569336,82059
Чтение PG,_read_pg,0.00702214241027832,82198
Чтение PG,_read_pg,0.0058803558349609375,82245
Чтение PG,_read_pg,0.00904989242553711,82321
Чтение PG,_read_pg,0.007364749908447266,82447
Чтение PG,_read_pg,0.007813453674316406,82534
Чтение PG,_read_pg,0.0072171688079833984,82673
Чтение PG,_read_pg,0.007383584976196289,82808
Чтение PG,_read_pg,0.005792379379272461,82819
Чтение PG,_read_pg,0.007960796356201172,82990
Чтение PG,_read_pg,0.01310420036315918,83134
Чтение PG,_read_pg,0.007153034210205078,83248
Чтение PG,_read_pg,0.0057332515716552734,83265
Чтение PG,_read_pg,0.008935213088989258,83435
Чтение PG,_read_pg,0.008224725723266602,83580
Чтение PG,_read_pg,0.007287502288818359,83671
Чтение PG,_read_pg,0.007313966751098633,83810
Чтение PG,_read_pg,0.007895946502685547,83940
Чтение PG,_read_pg,0.007742166519165039,84027
Чтение PG,_read_pg,0.009024620056152344,84176
Чтение PG,_read_pg,0.012981414794921875,84436
Чтение PG,_read_pg,0.00630497932434082,84494
Чтение PG,_read_pg,0.012213945388793945,84646
Чтение PG,_read_pg,0.0059032440185546875,84726
Чтение PG,_read_pg,0.005748271942138672,84839
Чтение PG,_read_pg,0.007941007614135742,85017
Чтение PG,_read_pg,0.007656097412109375,85065
Чтение PG,_read_pg,0.007701873779296875,85148
Чтение PG,_read_pg,0.005877256393432617,85310
Чтение PG,_read_pg,0.008156776428222656,85424
Чтение PG,_read_pg,0.0064051151275634766,85492
Чтение PG,_read_pg,0.00865626335144043,85560
Чтение PG,_read_pg,0.007551908493041992,85704
Чтение PG,_read_pg,0.005954742431640625,85853
Чтение PG,_read_pg,0.008008480072021484,86044
Чтение PG,_read_pg,0.00777888298034668,86215
Чтение PG,_read_pg,0.008577823638916016,86387
Чтение PG,_read_pg,0.008679389953613281,86602
Чтение PG,_read_pg,0.010234594345092773,86734
Чтение PG,_read_pg,0.006970405578613281,86840
Чтение PG,_read_pg,0.0077402591705322266,86977
Чтение PG,_read_pg,0.014205217361450195,87233
Чтение PG,_read_pg,0.0063364505767822266,87238
Чтение PG,_read_pg,0.005838632583618164,87378
Чтение PG,_read_pg,0.007609844207763672,87493
Чтение PG,_read_pg,0.008462667465209961,87674
Чтение PG,_read_pg,0.006265163421630859,87679
Чтение PG,_read_pg,0.015189886093139648,87865
Чтение PG,_read_pg,0.005919694900512695,87912
Чтение PG,_read_pg,0.00587010383605957,87995
Чтение PG,_read_pg,0.008229970932006836,88165
Чтение PG,_read_pg,0.009888648986816406,88232
Чтение PG,_read_pg,0.007428884506225586,88282
Чтение PG,_read_pg,0.006058692932128906,88378
Чтение PG,_read_pg,0.008745908737182617,88433
Чтение PG,_read_pg,0.008385896682739258,88467
Чтение PG,_read_pg,0.005889415740966797,88561
Чтение PG,_read_pg,0.006033420562744141,88633
Чтение PG,_read_pg,0.007843255996704102,88761
Чтение PG,_read_pg,0.007676601409912109,88940
Чтение PG,_read_pg,0.008319377899169922,89031
Чтение PG,_read_pg,0.007541179656982422,89127
Чтение PG,_read_pg,0.007660627365112305,89290
Чтение PG,_read_pg,0.010660171508789062,89400
Чтение PG,_read_pg,0.0076825618743896484,89578
Чтение PG,_read_pg,0.008171319961547852,89673
Чтение PG,_read_pg,0.008092164993286133,89770
Чтение PG,_read_pg,0.006310462951660156,89959
Чтение PG,_read_pg,0.009044885635375977,89992
Чтение PG,_read_pg,0.009769201278686523,90129
Чтение PG,_read_pg,0.01047658920288086,90252
Чтение PG,_read_pg,0.00784158706665039,90342
Чтение PG,_read_pg,0.008787393569946289,90438
Чтение PG,_read_pg,0.010105133056640625,90515
Чтение PG,_read_pg,0.01928877830505371,90659
Чтение PG,_read_pg,0.008111715316772461,90659
Чтение PG,_read_pg,0.00854802131652832,90659
Чтение PG,_read_pg,0.0072252750396728516,90659
Чтение PG,_read_pg,0.007207155227661133,90696
Чтение PG,_read_pg,0.011589765548706055,90841
Чтение PG,_read_pg,0.0070688724517822266,90931
Чтение PG,_read_pg,0.00888204574584961,91024
Чтение PG,_read_pg,0.008836030960083008,91159
Чтение PG,_read_pg,0.006605625152587891,91258
Чтение PG,_read_pg,0.012192487716674805,91376
Чтение PG,_read_pg,0.006414890289306641,91508
Чтение PG,_read_pg,0.0063931941986083984,91666
Чтение PG,_read_pg,0.0076673030853271484,91738
Чтение PG,_read_pg,0.008246660232543945,91848
Чтение PG,_read_pg,0.008339643478393555,91984
Чтение PG,_read_pg,0.006450653076171875,92128
Чтение PG,_read_pg,0.011404752731323242,92281
Чтение PG,_read_pg,0.011482477188110352,92434
Чтение PG,_read_pg,0.013280153274536133,92589
Чтение PG,_read_pg,0.009728193283081055,92700
Чтение PG,_read_pg,0.011553049087524414,92832
Чтение PG,_read_pg,0.009078741073608398,92927
Чтение PG,_read_pg,0.010491132736206055,93003
Чтение PG,_read_pg,0.013534069061279297,93104
Чтение PG,_read_pg,0.01265573501586914,93278
Чтение PG,_read_pg,0.010008573532104492,93337
Чтение PG,_read_pg,0.009866952896118164,93393
Чтение PG,_read_pg,0.010584831237792969,93438
Чтение PG,_read_pg,0.008432865142822266,93593
Чтение PG,_read_pg,0.011892318725585938,93746
Чтение PG,_read_pg,0.0207061767578125,93892
Чтение PG,_read_pg,0.012483835220336914,93953
Чтение PG,_read_pg,0.011129140853881836,94000
Чтение PG,_read_pg,0.00828099250793457,94129
Чтение PG,_read_pg,0.010720968246459961,94205
Чтение PG,_read_pg,0.007795572280883789,94284
Чтение PG,_read_pg,0.0071942806243896484,94424
Чтение PG,_read_pg,0.008991479873657227,94499
Чтение PG,_read_pg,0.006917715072631836,94506
Чтение PG,_read_pg,0.008352041244506836,94568
Чтение PG,_read_pg,0.008147239685058594,94749
Чтение PG,_read_pg,0.013431787490844727,94845
Чтение PG,_read_pg,0.007431983947753906,94946
Чтение PG,_read_pg,0.009718179702758789,95121
Чтение PG,_read_pg,0.0067179203033447266,95298
Чтение PG,_read_pg,0.008719444274902344,95339
Чтение PG,_read_pg,0.008525371551513672,95544
Чтение PG,_read_pg,0.0077972412109375,95636
Чтение PG,_read_pg,0.006316184997558594,95728
Чтение PG,_read_pg,0.006420612335205078,95861
Чтение PG,_read_pg,0.006788492202758789,95973
Чтение PG,_read_pg,0.012354850769042969,96056
Чтение PG,_read_pg,0.012698888778686523,96161
Чтение PG,_read_pg,0.009818792343139648,96230
Чтение PG,_read_pg,0.012688875198364258,96403
Чтение PG,_read_pg,0.007464170455932617,96493
Чтение PG,_read_pg,0.008346319198608398,96682
Чтение PG,_read_pg,0.010061502456665039,96862
Чтение PG,_read_pg,0.008190631866455078,96903
Чтение PG,_read_pg,0.008435964584350586,96958
Чтение PG,_read_pg,0.00864410400390625,97103
Чтение PG,_read_pg,0.011372804641723633,97233
Чтение PG,_read_pg,0.012104034423828125,97343
Чтение PG,_read_pg,0.008243322372436523,97384
Чтение PG,_read_pg,0.008510112762451172,97530
Чтение PG,_read_pg,0.006390810012817383,97637
Чтение PG,_read_pg,0.00801539421081543,97729
Чтение PG,_read_pg,0.009490251541137695,97875
Чтение PG,_read_pg,0.0084991455078125,97952
Чтение PG,_read_pg,0.006825685501098633,98162
Чтение PG,_read_pg,0.008142232894897461,98265
Чтение PG,_read_pg,0.008210420608520508,98311
Чтение PG,_read_pg,0.0075376033782958984,98414
Чтение PG,_read_pg,0.010731220245361328,98599
Чтение PG,_read_pg,0.008148670196533203,98645
Чтение PG,_read_pg,0.013026952743530273,98870
Чтение PG,_read_pg,0.008651018142700195,98967
Чтение PG,_read_pg,0.00844883918762207,99168
Чтение PG,_read_pg,0.00933694839477539,99288
Чтение PG,_read_pg,0.010278940200805664,99392
Чтение PG,_read_pg,0.009188175201416016,99495
Чтение PG,_read_pg,0.007774829864501953,99628
Чтение PG,_read_pg,0.007574319839477539,99740
Чтение PG,_read_pg,0.00873875617980957,99890
Чтение PG,_read_pg,0.008743524551391602,100032
Чтение PG,_read_pg,0.016265153884887695,100140
Чтение PG,_read_pg,0.013219833374023438,100340
Чтение PG,_read_pg,0.009673595428466797,100446
Чтение PG,_read_pg,0.012944459915161133,100538
Чтение PG,_read_pg,0.014373540878295898,100616
Чтение PG,_read_pg,0.009793758392333984,100666
Чтение PG,_read_pg,0.01030111312866211,100791
Чтение PG,_read_pg,0.010589838027954102,100797
Чтение PG,_read_pg,0.014276504516601562,100898
Чтение PG,_read_pg,0.026098012924194336,101103
Чтение PG,_read_pg,0.011944293975830078,101149
Чтение PG,_read_pg,0.011450052261352539,101306
Чтение PG,_read_pg,0.012093067169189453,101401
Чтение PG,_read_pg,0.013787269592285156,101548
Чтение PG,_read_pg,0.017863035202026367,101776
Чтение PG,_read_pg,0.014313459396362305,101937
Чтение PG,_read_pg,0.012592792510986328,102037
Чтение PG,_read_pg,0.037000417709350586,102198
Чтение PG,_read_pg,0.014239072799682617,102353
Чтение PG,_read_pg,0.012747049331665039,102397
Чтение PG,_read_pg,0.009664773941040039,102451
Чтение PG,_read_pg,0.011106491088867188,102589
Чтение PG,_read_pg,0.010906457901000977,102658
Чтение PG,_read_pg,0.010724782943725586,102763
Чтение PG,_read_pg,0.011301040649414062,102917
Чтение PG,_read_pg,0.020542621612548828,103166
Чтение PG,_read_pg,0.02427840232849121,103271
Чтение PG,_read_pg,0.012416362762451172,103403
Чтение PG,_read_pg,0.009401559829711914,103525
Чтение PG,_read_pg,0.012914419174194336,103624
Чтение PG,_read_pg,0.010717153549194336,103830
Чтение PG,_read_pg,0.008457183837890625,103964
Чтение PG,_read_pg,0.010587215423583984,104147
Чтение PG,_read_pg,0.010849952697753906,104285
Чтение PG,_read_pg,0.008244752883911133,104324
Чтение PG,_read_pg,0.008126974105834961,104519
Чтение PG,_read_pg,0.008644342422485352,104647
Чтение PG,_read_pg,0.009055852890014648,104740
Чтение PG,_read_pg,0.006825447082519531,104903
Чтение PG,_read_pg,0.008480548858642578,105089
Чтение PG,_read_pg,0.017197370529174805,105221
Чтение PG,_read_pg,0.009069442749023438,105230
Чтение PG,_read_pg,0.009091854095458984,105329
Чтение PG,_read_pg,0.007101535797119141,105419
Чтение PG,_read_pg,0.010172605514526367,105574
Чтение PG,_read_pg,0.006848573684692383,105640
Чтение PG,_read_pg,0.010072469711303711,105736
Чтение PG,_read_pg,0.009561777114868164,105865
Чтение PG,_read_pg,0.009310722351074219,106063
Чтение PG,_read_pg,0.008652210235595703,106126
Чтение PG,_read_pg,0.008807659149169922,106282
Чтение PG,_read_pg,0.00784158706665039,106430
Чтение PG,_read_pg,0.009474754333496094,106518
Чтение PG,_read_pg,0.0070383548736572266,106581
Чтение PG,_read_pg,0.007039785385131836,106679
Чтение PG,_read_pg,0.013047218322753906,106823
Чтение PG,_read_pg,0.008764266967773438,106931
Чтение PG,_read_pg,0.0071523189544677734,106990
Чтение PG,_read_pg,0.008788585662841797,107166
Чтение PG,_read_pg,0.007679462432861328,107197
Чтение PG,_read_pg,0.01024317741394043,107270
Чтение PG,_read_pg,0.01382136344909668,107480
Чтение PG,_read_pg,0.009113073348999023,107551
Чтение PG,_read_pg,0.012592077255249023,107648
Чтение PG,_read_pg,0.017724275588989258,107723
Чтение PG,_read_pg,0.008743762969970703,107801
Чтение PG,_read_pg,0.01349496841430664,107975
Чтение PG,_read_pg,0.0170745849609375,108190
Чтение PG,_read_pg,0.012383222579956055,108302
Чтение PG,_read_pg,0.009056568145751953,108427
Чтение PG,_read_pg,0.018621206283569336,108664
Чтение PG,_read_pg,0.009349346160888672,108790
Чтение PG,_read_pg,0.009226799011230469,108908
Чтение PG,_read_pg,0.011252880096435547,109137
Чтение PG,_read_pg,0.010243415832519531,109220
Чтение PG,_read_pg,0.011362075805664062,109378
Чтение PG,_read_pg,0.009392499923706055,109416
Чтение PG,_read_pg,0.011861085891723633,109602
Чтение PG,_read_pg,0.017171859741210938,109702
Чтение PG,_read_pg,0.0180509090423584,109835
Чтение PG,_read_pg,0.011159420013427734,109920
Чтение PG,_read_pg,0.01615166664123535,110160
Чтение PG,_read_pg,0.010721683502197266,110251
Чтение PG,_read_pg,0.011656522750854492,110415
Чтение PG,_read_pg,0.017590045928955078,110558
Чтение PG,_read_pg,0.007927894592285156,110659
Чтение PG,_read_pg,0.010602951049804688,110780
Чтение PG,_read_pg,0.008059263229370117,110823
Чтение PG,_read_pg,0.009915828704833984,110985
Чтение PG,_read_pg,0.009865283966064453,111105
Чтение PG,_read_pg,0.011070728302001953,111257
Чтение PG,_read_pg,0.014023780822753906,111356
Чтение PG,_read_pg,0.01035165786743164,111545
Чтение PG,_read_pg,0.010742664337158203,111700
Чтение PG,_read_pg,0.009591102600097656,111793
Чтение PG,_read_pg,0.010040044784545898,112050
Чтение PG,_read_pg,0.009934425354003906,112138
Чтение PG,_read_pg,0.008936643600463867,112277
Чтение PG,_read_pg,0.010220050811767578,112516
Чтение PG,_read_pg,0.0072803497314453125,112681
Чтение PG,_read_pg,0.010497570037841797,112782
Чтение PG,_read_pg,0.010636091232299805,112898
Чтение PG,_read_pg,0.010065317153930664,113009
Чтение PG,_read_pg,0.009821653366088867,113152
Чтение PG,_read_pg,0.00929403305053711,113337
Чтение PG,_read_pg,0.009829998016357422,113469
Чтение PG,_read_pg,0.00969386100769043,113622
Чтение PG,_read_pg,0.011026382446289062,113793
Чтение PG,_read_pg,0.00866079330444336,113910
Чтение PG,_read_pg,0.008853912353515625,114006
Чтение PG,_read_pg,0.017392873764038086,114137
Чтение PG,_read_pg,0.007779836654663086,114268
Чтение PG,_read_pg,0.008272647857666016,114397
Чтение PG,_read_pg,0.012085199356079102,114547
Чтение PG,_read_pg,0.010117769241333008,114699
Чтение PG,_read_pg,0.009564876556396484,114829
Чтение PG,_read_pg,0.017180919647216797,114958
Чтение PG,_read_pg,0.010973691940307617,115132
Чтение PG,_read_pg,0.014027595520019531,115314
Чтение PG,_read_pg,0.009389638900756836,115531
Чтение PG,_read_pg,0.011160612106323242,115678
Чтение PG,_read_pg,0.012869119644165039,115873
Чтение PG,_read_pg,0.009381294250488281,115977
Чтение PG,_read_pg,0.011455059051513672,116207
Чтение PG,_read_pg,0.012591838836669922,116314
Чтение PG,_read_pg,0.012935638427734375,116516
Чтение PG,_read_pg,0.011590719223022461,116637
Чтение PG,_read_pg,0.013216972351074219,116848
Чтение PG,_read_pg,0.013538837432861328,117013
Чтение PG,_read_pg,0.012238025665283203,117195
Чтение PG,_read_pg,0.010251045227050781,117275
Чтение PG,_read_pg,0.009348869323730469,117388
Чтение PG,_read_pg,0.012312650680541992,117515
Чтение PG,_read_pg,0.009651899337768555,117645
Чтение PG,_read_pg,0.009964466094970703,117744
Чтение PG,_read_pg,0.012372255325317383,118014
Чтение PG,_read_pg,0.014173030853271484,118142
Чтение PG,_read_pg,0.012510061264038086,118223
Чтение PG,_read_pg,0.017616987228393555,118384
Чтение PG,_read_pg,0.011654138565063477,118522
Чтение PG,_read_pg,0.012237548828125,118662
Чтение PG,_read_pg,0.01155233383178711,118817
Чтение PG,_read_pg,0.012111425399780273,118930
Чтение PG,_read_pg,0.009860754013061523,119044
Чтение PG,_read_pg,0.009794950485229492,119153
Чтение PG,_read_pg,0.011357784271240234,119246
Чтение PG,_read_pg,0.012157440185546875,119446
Чтение PG,_read_pg,0.011352777481079102,119531
Чтение PG,_read_pg,0.01435708999633789,119688
Чтение PG,_read_pg,0.009498834609985352,119825
Чтение PG,_read_pg,0.016587257385253906,120022
Чтение PG,_read_pg,0.016312599182128906,120063
Чтение PG,_read_pg,0.009612083435058594,120186
Чтение PG,_read_pg,0.012604713439941406,120256
Чтение PG,_read_pg,0.012265682220458984,120257
Чтение PG,_read_pg,0.010083675384521484,120277
Чтение PG,_read_pg,0.01433110237121582,120440
Чтение PG,_read_pg,0.011157035827636719,120606
Чтение PG,_read_pg,0.01081991195678711,120698
Чтение PG,_read_pg,0.01301431655883789,120890
Чтение PG,_read_pg,0.014939308166503906,121038
Чтение PG,_read_pg,0.013554096221923828,121158
Чтение PG,_read_pg,0.015297174453735352,121251
Чтение PG,_read_pg,0.015696287155151367,121433
Чтение PG,_read_pg,0.015709877014160156,121592
Чтение PG,_read_pg,0.01195836067199707,121668
Чтение PG,_read_pg,0.011884450912475586,121754
Чтение PG,_read_pg,0.02127552032470703,122025
Чтение PG,_read_pg,0.01898956298828125,122185
Чтение PG,_read_pg,0.012284040451049805,122395
Чтение PG,_read_pg,0.011844635009765625,122483
Чтение PG,_read_pg,0.013257980346679688,122691
Чтение PG,_read_pg,0.011528491973876953,122771
Чтение PG,_read_pg,0.010254859924316406,122889
Чтение PG,_read_pg,0.010766983032226562,123094
Чтение PG,_read_pg,0.011129379272460938,123191
Чтение PG,_read_pg,0.010160207748413086,123386
Чтение PG,_read_pg,0.010449886322021484,123632
Чтение PG,_read_pg,0.008790731430053711,123811
Чтение PG,_read_pg,0.009196043014526367,123947
Чтение PG,_read_pg,0.011941671371459961,124083
Чтение PG,_read_pg,0.012398719787597656,124195
Чтение PG,_read_pg,0.010276556015014648,124320
Чтение PG,_read_pg,0.012932538986206055,124431
Чтение PG,_read_pg,0.01478123664855957,124545
Чтение PG,_read_pg,0.010510683059692383,124703
Чтение PG,_read_pg,0.010264873504638672,124751
Чтение PG,_read_pg,0.011946678161621094,124963
Чтение PG,_read_pg,0.01517796516418457,125101
Чтение PG,_read_pg,0.01327061653137207,125258
Чтение PG,_read_pg,0.011031627655029297,125329
Чтение PG,_read_pg,0.01361227035522461,125522
Чтение PG,_read_pg,0.011097192764282227,125621
Чтение PG,_read_pg,0.012419700622558594,125764
Чтение PG,_read_pg,0.010669708251953125,125872
Чтение PG,_read_pg,0.012780427932739258,126098
Чтение PG,_read_pg,0.017714977264404297,126197
Чтение PG,_read_pg,0.012706995010375977,126263
Чтение PG,_read_pg,0.011904001235961914,126419
Чтение PG,_read_pg,0.01669001579284668,126501
Чтение PG,_read_pg,0.012153863906860352,126702
Чтение PG,_read_pg,0.013135433197021484,126828
Чтение PG,_read_pg,0.011655092239379883,127000
Чтение PG,_read_pg,0.010163068771362305,127088
Чтение PG,_read_pg,0.009647846221923828,127227
Чтение PG,_read_pg,0.01210331916809082,127344
Чтение PG,_read_pg,0.01795792579650879,127587
Чтение PG,_read_pg,0.01473236083984375,127727
Чтение PG,_read_pg,0.014504194259643555,127905
Чтение PG,_read_pg,0.013743877410888672,128050
Чтение PG,_read_pg,0.011610746383666992,128257
Чтение PG,_read_pg,0.013833284378051758,128264
Чтение PG,_read_pg,0.012907028198242188,128377
Чтение PG,_read_pg,0.014111995697021484,128604
Чтение PG,_read_pg,0.013553857803344727,128705
Чтение PG,_read_pg,0.011915445327758789,128862
Чтение PG,_read_pg,0.012952089309692383,128907
Чтение PG,_read_pg,0.012006044387817383,129088
Чтение PG,_read_pg,0.013738870620727539,129240
Чтение PG,_read_pg,0.012708425521850586,129341
Чтение PG,_read_pg,0.018883466720581055,129650
Чтение PG,_read_pg,0.013571023941040039,129813
Чтение PG,_read_pg,0.012579679489135742,129932
Чтение PG,_read_pg,0.011786222457885742,130067
Чтение PG,_read_pg,0.015041828155517578,130158
Чтение PG,_read_pg,0.01199650764465332,130307
Чтение PG,_read_pg,0.01406240463256836,130477
Чтение PG,_read_pg,0.01251220703125,130639
Чтение PG,_read_pg,0.012206315994262695,130838
Чтение PG,_read_pg,0.012284517288208008,131009
Чтение PG,_read_pg,0.012782096862792969,131106
Чтение PG,_read_pg,0.012370109558105469,131191
Чтение PG,_read_pg,0.01278066635131836,131301
Чтение PG,_read_pg,0.009499073028564453,131535
Чтение PG,_read_pg,0.01064753532409668,131669
Чтение PG,_read_pg,0.01327371597290039,131836
Чтение PG,_read_pg,0.019066810607910156,131984
Чтение PG,_read_pg,0.014784097671508789,132119
Чтение PG,_read_pg,0.016469240188598633,132255
Чтение PG,_read_pg,0.014073371887207031,132596
Чтение PG,_read_pg,0.012320280075073242,132802
Чтение PG,_read_pg,0.011200428009033203,132938
Чтение PG,_read_pg,0.016364336013793945,132979
Чтение PG,_read_pg,0.019098758697509766,133189
Чтение PG,_read_pg,0.02262139320373535,133433
Чтение PG,_read_pg,0.020882844924926758,133636
Чтение PG,_read_pg,0.015018463134765625,133729
Чтение PG,_read_pg,0.015932798385620117,133811
Чтение PG,_read_pg,0.014681577682495117,133902
Чтение PG,_read_pg,0.022055387496948242,134037
Чтение PG,_read_pg,0.018818140029907227,134144
Чтение PG,_read_pg,0.01866292953491211,134385
Чтение PG,_read_pg,0.019012451171875,134424
Чтение PG,_read_pg,0.019151687622070312,134536
Чтение PG,_read_pg,0.02518749237060547,134681
Чтение PG,_read_pg,0.03360414505004883,134814
Чтение PG,_read_pg,0.022913694381713867,134851
Чтение PG,_read_pg,0.02186107635498047,134867
Чтение PG,_read_pg,0.023523807525634766,134970
Чтение PG,_read_pg,0.03277468681335449,135144
Чтение PG,_read_pg,0.03664064407348633,135246
Чтение PG,_read_pg,0.021568775177001953,135314
Чтение PG,_read_pg,0.015644550323486328,135371
Чтение PG,_read_pg,0.022739171981811523,135551
Чтение PG,_read_pg,0.0224456787109375,135736
Чтение PG,_read_pg,0.01879096031188965,135928
Чтение PG,_read_pg,0.017801761627197266,136022
Чтение PG,_read_pg,0.01887369155883789,136163
Чтение PG,_read_pg,0.01584482192993164,136268
Чтение PG,_read_pg,0.018779993057250977,136490
Чтение PG,_read_pg,0.018596172332763672,136610
Чтение PG,_read_pg,0.01509714126586914,136687
Чтение PG,_read_pg,0.020931720733642578,136895
Чтение PG,_read_pg,0.022068500518798828,137063
Чтение PG,_read_pg,0.023267507553100586,137144
Чтение PG,_read_pg,0.017678499221801758,137298
Чтение PG,_read_pg,0.020697593688964844,137388
Чтение PG,_read_pg,0.016793251037597656,137486
Чтение PG,_read_pg,0.015742778778076172,137664
Чтение PG,_read_pg,0.016747474670410156,137934
Чтение PG,_read_pg,0.022011280059814453,138107
Чтение PG,_read_pg,0.012733697891235352,138259
Чтение PG,_read_pg,0.016295909881591797,138433
Чтение PG,_read_pg,0.026883602142333984,138492
Чтение PG,_read_pg,0.018939495086669922,138540
Чтение PG,_read_pg,0.021474361419677734,138784
Чтение PG,_read_pg,0.012569904327392578,139022
Чтение PG,_read_pg,0.013907194137573242,139184
Чтение PG,_read_pg,0.021378278732299805,139314
Чтение PG,_read_pg,0.01487874984741211,139399
Чтение PG,_read_pg,0.029538393020629883,139445
Чтение PG,_read_pg,0.02062511444091797,139609
Чтение PG,_read_pg,0.019119977951049805,139751
Чтение PG,_read_pg,0.018764019012451172,139841
Чтение PG,_read_pg,0.017093420028686523,139978
Чтение PG,_read_pg,0.017787694931030273,140143
Чтение PG,_read_pg,0.0173337459564209,140242
Чтение PG,_read_pg,0.023051738739013672,140367
Чтение PG,_read_pg,0.016762256622314453,140557
Чтение PG,_read_pg,0.021392822265625,140636
Чтение PG,_read_pg,0.021053552627563477,140793
Чтение PG,_read_pg,0.018045902252197266,140879
Чтение PG,_read_pg,0.018823862075805664,141078
Чтение PG,_read_pg,0.019617319107055664,141208
Чтение PG,_read_pg,0.026599407196044922,141470
Чтение PG,_read_pg,0.027110576629638672,141629
Чтение PG,_read_pg,0.021775007247924805,141795
Чтение PG,_read_pg,0.03510713577270508,141951
Чтение PG,_read_pg,0.03613758087158203,142082
Чтение PG,_read_pg,0.03998827934265137,142272
Чтение PG,_read_pg,0.02345442771911621,142318
Чтение PG,_read_pg,0.01735234260559082,142454
Чтение PG,_read_pg,0.016884565353393555,142585
Чтение PG,_read_pg,0.014427900314331055,142757
Чтение PG,_read_pg,0.021943330764770508,142981
Чтение PG,_read_pg,0.02511763572692871,143118
Чтение PG,_read_pg,0.019275426864624023,143161
Чтение PG,_read_pg,0.06002616882324219,143298
Чтение PG,_read_pg,0.03511238098144531,143441
Чтение PG,_read_pg,0.03532814979553223,143512
Чтение PG,_read_pg,0.030133724212646484,143636
Чтение PG,_read_pg,0.03427720069885254,143824
Чтение PG,_read_pg,0.02064681053161621,144004
Чтение PG,_read_pg,0.018593788146972656,144089
Чтение PG,_read_pg,0.017566204071044922,144257
Чтение PG,_read_pg,0.015310287475585938,144383
Чтение PG,_read_pg,0.016023635864257812,144566
Чтение PG,_read_pg,0.02550959587097168,144733
Чтение PG,_read_pg,0.02904367446899414,144962
Чтение PG,_read_pg,0.032413482666015625,145135
Чтение PG,_read_pg,0.01610279083251953,145237
Чтение PG,_read_pg,0.016678571701049805,145353
Чтение PG,_read_pg,0.0167386531829834,145462
Чтение PG,_read_pg,0.015523910522460938,145541
Чтение PG,_read_pg,0.030081748962402344,145706
Чтение PG,_read_pg,0.02393317222595215,145848
Чтение PG,_read_pg,0.013873100280761719,146046
Чтение PG,_read_pg,0.015280008316040039,146126
Чтение PG,_read_pg,0.013707876205444336,146224
Чтение PG,_read_pg,0.01193094253540039,146341
Чтение PG,_read_pg,0.012605905532836914,146524
Чтение PG,_read_pg,0.010219335556030273,146694
Чтение PG,_read_pg,0.013895034790039062,146839
Чтение PG,_read_pg,0.01159358024597168,146993
Чтение PG,_read_pg,0.014655113220214844,147141
Чтение PG,_read_pg,0.01106882095336914,147249
Чтение PG,_read_pg,0.024753570556640625,147367
Чтение PG,_read_pg,0.01642155647277832,147542
Чтение PG,_read_pg,0.018601417541503906,147786
Чтение PG,_read_pg,0.01767897605895996,147921
Чтение PG,_read_pg,0.017953872680664062,148035
Чтение PG,_read_pg,0.02035236358642578,148181
Чтение PG,_read_pg,0.015511274337768555,148339
Чтение PG,_read_pg,0.019155263900756836,148438
Чтение PG,_read_pg,0.014911651611328125,148617
Чтение PG,_read_pg,0.017497777938842773,148743
Чтение PG,_read_pg,0.014689922332763672,148904
Чтение PG,_read_pg,0.020693302154541016,148995
Чтение PG,_read_pg,0.02213001251220703,149121
Чтение PG,_read_pg,0.02029109001159668,149249
Чтение PG,_read_pg,0.015848398208618164,149380
Чтение PG,_read_pg,0.020368576049804688,149486
Чтение PG,_read_pg,0.01856517791748047,149668
Чтение PG,_read_pg,0.01654958724975586,149767
Чтение PG,_read_pg,0.022295713424682617,149895
Чтение PG,_read_pg,0.022463560104370117,149923
Чтение PG,_read_pg,0.02060866355895996,150127
Чтение PG,_read_pg,0.024260520935058594,150214
Чтение PG,_read_pg,0.01902484893798828,150339
Чтение PG,_read_pg,0.02532029151916504,150405
Чтение PG,_read_pg,0.018257617950439453,150542
Чтение PG,_read_pg,0.05345487594604492,150806
Чтение PG,_read_pg,0.02258443832397461,150905
Чтение PG,_read_pg,0.024487972259521484,151007
Чтение PG,_read_pg,0.037549734115600586,151258
Чтение PG,_read_pg,0.04063248634338379,151429
Чтение PG,_read_pg,0.03767108917236328,151562
Чтение PG,_read_pg,0.057279348373413086,151736
Чтение PG,_read_pg,0.028468608856201172,151901
Чтение PG,_read_pg,0.02025628089904785,152000
Чтение PG,_read_pg,0.031647682189941406,152289
Чтение PG,_read_pg,0.023432493209838867,152333
Чтение PG,_read_pg,0.021854639053344727,152378
Чтение PG,_read_pg,0.020094871520996094,152565
Чтение PG,_read_pg,0.022504329681396484,152761
Чтение PG,_read_pg,0.023755788803100586,152872
Чтение PG,_read_pg,0.025812864303588867,153051
Чтение PG,_read_pg,0.029453754425048828,153105
Чтение PG,_read_pg,0.01895451545715332,153231
Чтение PG,_read_pg,0.01897406578063965,153357
Чтение PG,_read_pg,0.024928808212280273,153448
Чтение PG,_read_pg,0.025739431381225586,153727
Чтение PG,_read_pg,0.02080845832824707,153875
Чтение PG,_read_pg,0.022796630859375,154106
Чтение PG,_read_pg,0.021382570266723633,154185
Чтение PG,_read_pg,0.021345853805541992,154221
Чтение PG,_read_pg,0.028618335723876953,154346
Чтение PG,_read_pg,0.022255897521972656,154429
Чтение PG,_read_pg,0.014749288558959961,154591
Чтение PG,_read_pg,0.015770435333251953,154690
Чтение PG,_read_pg,0.020313262939453125,154947
Чтение PG,_read_pg,0.01419830322265625,155094
Чтение PG,_read_pg,0.014683723449707031,155216
Чтение PG,_read_pg,0.016580581665039062,155356
Чтение PG,_read_pg,0.013614654541015625,155566
Чтение PG,_read_pg,0.01655721664428711,155719
Чтение PG,_read_pg,0.017155170440673828,155837
Чтение PG,_read_pg,0.017032623291015625,155975
Чтение PG,_read_pg,0.01872849464416504,156206
Чтение PG,_read_pg,0.015617132186889648,156441
Чтение PG,_read_pg,0.020331859588623047,156548
Чтение PG,_read_pg,0.019443511962890625,156774
Чтение PG,_read_pg,0.026729822158813477,157008
Чтение PG,_read_pg,0.02034902572631836,157198
Чтение PG,_read_pg,0.03690481185913086,157330
Чтение PG,_read_pg,0.01680445671081543,157468
Чтение PG,_read_pg,0.019408226013183594,157608
Чтение PG,_read_pg,0.02585005760192871,157805
Чтение PG,_read_pg,0.0191342830657959,157865
Чтение PG,_read_pg,0.016304731369018555,158098
Чтение PG,_read_pg,0.019155502319335938,158198
Чтение PG,_read_pg,0.015624761581420898,158316
Чтение PG,_read_pg,0.01918649673461914,158484
Чтение PG,_read_pg,0.01891303062438965,158586
Чтение PG,_read_pg,0.020017147064208984,158706
Чтение PG,_read_pg,0.015893936157226562,158733
Чтение PG,_read_pg,0.021445274353027344,158838
Чтение PG,_read_pg,0.01842021942138672,158989
Чтение PG,_read_pg,0.014903068542480469,159162
Чтение PG,_read_pg,0.01501154899597168,159378
Чтение PG,_read_pg,0.015208244323730469,159516
Чтение PG,_read_pg,0.01603555679321289,159713
Чтение PG,_read_pg,0.014732122421264648,159814
Чтение PG,_read_pg,0.01465153694152832,159913
Чтение PG,_read_pg,0.01675891876220703,160075
Чтение PG,_read_pg,0.01978588104248047,160076
Чтение PG,_read_pg,0.019752979278564453,160076
Чтение PG,_read_pg,0.02213263511657715,160248
Чтение PG,_read_pg,0.020962953567504883,160486
Чтение PG,_read_pg,0.017200231552124023,160614
Чтение PG,_read_pg,0.016421794891357422,160715
Чтение PG,_read_pg,0.015917062759399414,160914
Чтение PG,_read_pg,0.015390157699584961,161060
Чтение PG,_read_pg,0.01621270179748535,161133
Чтение PG,_read_pg,0.020293235778808594,161308
Чтение PG,_read_pg,0.019595861434936523,161449
Чтение PG,_read_pg,0.016066312789916992,161625
Чтение PG,_read_pg,0.017994165420532227,161661
Чтение PG,_read_pg,0.016525745391845703,161811
Чтение PG,_read_pg,0.021378517150878906,162070
Чтение PG,_read_pg,0.026762723922729492,162192
Чтение PG,_read_pg,0.021801471710205078,162438
Чтение PG,_read_pg,0.028280973434448242,162686
Чтение PG,_read_pg,0.016891956329345703,162874
Чтение PG,_read_pg,0.023241519927978516,163078
Чтение PG,_read_pg,0.017856121063232422,163252
Чтение PG,_read_pg,0.019692420959472656,163424
Чтение PG,_read_pg,0.014592409133911133,163620
Чтение PG,_read_pg,0.018136978149414062,163825
Чтение PG,_read_pg,0.01891016960144043,164023
Чтение PG,_read_pg,0.019159793853759766,164130
Чтение PG,_read_pg,0.021711111068725586,164263
Чтение PG,_read_pg,0.01977372169494629,164550
Чтение PG,_read_pg,0.01940774917602539,164757
Чтение PG,_read_pg,0.01787281036376953,164965
Чтение PG,_read_pg,0.019605636596679688,165152
Чтение PG,_read_pg,0.018507003784179688,165280
Чтение PG,_read_pg,0.01720905303955078,165358
Чтение PG,_read_pg,0.02003002166748047,165512
Чтение PG,_read_pg,0.019035816192626953,165705
Чтение PG,_read_pg,0.01846599578857422,165750
Чтение PG,_read_pg,0.0169827938079834,165836
Чтение PG,_read_pg,0.02198171615600586,165989
Чтение PG,_read_pg,0.027399063110351562,166156
Чтение PG,_read_pg,0.026124238967895508,166287
Чтение PG,_read_pg,0.0162503719329834,166364
Чтение PG,_read_pg,0.018863677978515625,166547
Чтение PG,_read_pg,0.028354167938232422,166841
Чтение PG,_read_pg,0.02250504493713379,166928
Чтение PG,_read_pg,0.019854307174682617,167136
Чтение PG,_read_pg,0.022982358932495117,167317
Чтение PG,_read_pg,0.01786637306213379,167494
Чтение PG,_read_pg,0.019824504852294922,167673
Чтение PG,_read_pg,0.02182769775390625,167913
Чтение PG,_read_pg,0.021307945251464844,168021
Чтение PG,_read_pg,0.01683497428894043,168170
Чтение PG,_read_pg,0.021893024444580078,168456
Чтение PG,_read_pg,0.021930932998657227,168647
Чтение PG,_read_pg,0.018165111541748047,168768
Чтение PG,_read_pg,0.020852327346801758,168961
Чтение PG,_read_pg,0.029017210006713867,169174
Чтение PG,_read_pg,0.019089937210083008,169318
Чтение PG,_read_pg,0.025376081466674805,169491
Чтение PG,_read_pg,0.020518779754638672,169632
Чтение PG,_read_pg,0.020411968231201172,169704
Чтение PG,_read_pg,0.022389888763427734,169941
Чтение PG,_read_pg,0.021724700927734375,170000
Чтение PG,_read_pg,0.021169662475585938,170156
Чтение PG,_read_pg,0.018853425979614258,170270
Чтение PG,_read_pg,0.015275001525878906,170393
Чтение PG,_read_pg,0.01955246925354004,170584
Чтение PG,_read_pg,0.022788524627685547,170867
Чтение PG,_read_pg,0.021189451217651367,171077
Чтение PG,_read_pg,0.022031068801879883,171250
Чтение PG,_read_pg,0.03185558319091797,171515
Чтение PG,_read_pg,0.023862838745117188,171771
Чтение PG,_read_pg,0.01873183250427246,171920
Чтение PG,_read_pg,0.014968395233154297,172032
Чтение PG,_read_pg,0.01813054084777832,172162
Чтение PG,_read_pg,0.020597457885742188,172242
Чтение PG,_read_pg,0.0214388370513916,172367
Чтение PG,_read_pg,0.016562461853027344,172566
Чтение PG,_read_pg,0.01673150062561035,172840
Чтение PG,_read_pg,0.021240711212158203,172965
Чтение PG,_read_pg,0.01896953582763672,173235
Чтение PG,_read_pg,0.018651962280273438,173347
Чтение PG,_read_pg,0.0158233642578125,173496
Чтение PG,_read_pg,0.018131494522094727,173634
Чтение PG,_read_pg,0.016162633895874023,173887
Чтение PG,_read_pg,0.017648935317993164,174195
Чтение PG,_read_pg,0.021583080291748047,174344
Чтение PG,_read_pg,0.019006013870239258,174512
Чтение PG,_read_pg,0.015599727630615234,174714
Чтение PG,_read_pg,0.024176597595214844,174840
Чтение PG,_read_pg,0.016077518463134766,174974
Чтение PG,_read_pg,0.018962860107421875,175157
Чтение PG,_read_pg,0.016567230224609375,175250
Чтение PG,_read_pg,0.024106740951538086,175398
Чтение PG,_read_pg,0.017458677291870117,175612
Чтение PG,_read_pg,0.019474029541015625,175772
Чтение PG,_read_pg,0.01636481285095215,175993
Чтение PG,_read_pg,0.017805814743041992,176109
Чтение PG,_read_pg,0.016656875610351562,176237
Чтение PG,_read_pg,0.02075815200805664,176355
Чтение PG,_read_pg,0.022075653076171875,176541
Чтение PG,_read_pg,0.027797460556030273,176738
Чтение PG,_read_pg,0.02637505531311035,176895
Чтение PG,_read_pg,0.023461580276489258,176992
Чтение PG,_read_pg,0.01763916015625,177060
Чтение PG,_read_pg,0.02695608139038086,177334
Чтение PG,_read_pg,0.021728038787841797,177537
Чтение PG,_read_pg,0.022415876388549805,177651
Чтение PG,_read_pg,0.02246856689453125,177817
Чтение PG,_read_pg,0.027743101119995117,177977
Чтение PG,_read_pg,0.03696489334106445,178183
Чтение PG,_read_pg,0.019603252410888672,178335
Чтение PG,_read_pg,0.023096561431884766,178605
Чтение PG,_read_pg,0.017876386642456055,178777
Чтение PG,_read_pg,0.018123149871826172,178963
Чтение PG,_read_pg,0.018919706344604492,179157
Чтение PG,_read_pg,0.02759242057800293,179380
Чтение PG,_read_pg,0.026212692260742188,179481
Чтение PG,_read_pg,0.023919343948364258,179713
Чтение PG,_read_pg,0.023521900177001953,179932
Чтение PG,_read_pg,0.018924713134765625,180032
Чтение PG,_read_pg,0.025212526321411133,180328
Чтение PG,_read_pg,0.01689291000366211,180468
Чтение PG,_read_pg,0.016470670700073242,180592
Чтение PG,_read_pg,0.016477346420288086,180722
Чтение PG,_read_pg,0.021049022674560547,180893
Чтение PG,_read_pg,0.02106308937072754,181189
Чтение PG,_read_pg,0.02261185646057129,181319
Чтение PG,_read_pg,0.022306203842163086,181514
Чтение PG,_read_pg,0.017251014709472656,181709
Чтение PG,_read_pg,0.023645877838134766,181805
Чтение PG,_read_pg,0.029983043670654297,181937
